id,systemNumber,customerId,systemId,systemName,installationNo,product,productVersion,endOfMaintenance,maintenanceStatus,expiresIn0to12,expiresIn12to24,expiresIn24to36,expiresIn36Plus,expired
a72a31b0-af5e-442c-a809-728e76033b93,000000000312862995,0000190852,ACQ,Generated system for acquisitions,0020995650,,,,No Maintenance Info,0,0,0,0,0
0dacb6b3-4225-4d24-ab1d-2ecfeadc9308,000000000312117614,0000190852,ECD,ECC Development System,0020743951,SAP ERP,SAP ERP 6.0,2025-12-31,Expired,0,0,0,0,1
3b84c5a2-7012-4e21-8350-62370d5c9c8d,000000000312117614,0000190852,ECD,ECC Development System,0020743951,SAP NETWEAVER,SAP NetWeaver 7.4,2020-12-31,Expired,0,0,0,0,1
aad683d2-7935-4ccd-96e4-4e86a4abdf33,000000000312117654,0000190852,ECX,ECC Sandbox system,0020743951,SAP ERP,SAP ERP 6.0,2025-12-31,Expired,0,0,0,0,1
af46571e-01c3-4574-88d1-60133038db04,000000000312117654,0000190852,ECX,ECC Sandbox system,0020743951,SAP NETWEAVER,SAP NetWeaver 7.4,2020-12-31,Expired,0,0,0,0,1
e9c10280-8b70-416d-8eb0-70b05f6bbbf0,000000000312149933,0000190852,ECQ,ECQ - ECC QA,0020743951,SAP ERP,SAP ERP 6.0,2025-12-31,Expired,0,0,0,0,1
c369e777-3080-4663-aaa4-77469b9f913c,000000000312149933,0000190852,ECQ,ECQ - ECC QA,0020743951,SAP NETWEAVER,SAP NetWeaver 7.4,2020-12-31,Expired,0,0,0,0,1
def118cd-48ad-450a-a4e4-98406009947e,000000000312174659,0000190852,HRX,HR Sandbox System (OLD),0020807372,SAP ERP,SAP ERP 6.0,2025-12-31,Expired,0,0,0,0,1
b44cad37-04a1-4027-8979-79321944ba1c,000000000312174659,0000190852,HRX,HR Sandbox System (OLD),0020807372,SAP NETWEAVER,SAP NetWeaver 7.4,2020-12-31,Expired,0,0,0,0,1
8b356a3e-78d5-4cd6-a795-2389315a0132,000000000312213071,0000190852,HRD,HRD - HR Development System,0020807372,SAP ERP,SAP ERP 6.0,2025-12-31,Expired,0,0,0,0,1
d0a20dc4-a000-4d3e-8e3c-c7770aa699ac,000000000312213071,0000190852,HRD,HRD - HR Development System,0020807372,SAP NETWEAVER,SAP NetWeaver 7.5,2027-12-31,Expired,0,0,0,0,1
a33cb5d0-d090-4b40-bb22-2ad9244cabd5,000000000312224088,0000190852,HRQ,HR Quality Assurance System,0020807372,SAP ERP,SAP ERP 6.0,2025-12-31,Expired,0,0,0,0,1
610191da-5cc0-4900-a89b-4b92158cfc5e,000000000312224088,0000190852,HRQ,HR Quality Assurance System,0020807372,SAP NETWEAVER,SAP NetWeaver 7.5,2027-12-31,Expired,0,0,0,0,1
94c9b0c9-f570-403f-a1f7-c9035204b6f8,000000000312236548,0000190852,HRX,HR Sandbox System,0020807372,SAP ERP,SAP ERP 6.0,2025-12-31,Expired,0,0,0,0,1
237ea061-526d-4f19-824c-d2bf80bd800c,000000000312236548,0000190852,HRX,HR Sandbox System,0020807372,SAP NETWEAVER,SAP NetWeaver 7.5,2027-12-31,Expired,0,0,0,0,1
79744764-8195-4668-8e4d-7adc446315ee,000000000312524058,0000190852,ECQ,DO NOT USE,0020743951,SAP ERP,SAP ERP 6.0,2025-12-31,Expired,0,0,0,0,1
e5068615-d4f4-4587-9800-f940c91c06d2,000000000312538431,0000190852,EQ2,vsapeq200,0020743951,SAP ERP,SAP ERP 6.0,2025-12-31,Expired,0,0,0,0,1
d631b0af-8872-4b27-b672-7fc57780ca29,000000000312538431,0000190852,EQ2,vsapeq200,0020743951,SAP NETWEAVER,SAP NetWeaver 7.4,2020-12-31,Expired,0,0,0,0,1
a4af2d1f-97a0-4e71-9f4b-b6b9a7404581,000000000312575868,0000190852,ECS,ECC Staging System,0020743951,SAP ERP,SAP ERP 6.0,2025-12-31,Expired,0,0,0,0,1
ef8b3be0-b55d-4cfc-a03e-7add877a2f2a,000000000312575868,0000190852,ECS,ECC Staging System,0020743951,SAP NETWEAVER,SAP NetWeaver 7.4,2020-12-31,Expired,0,0,0,0,1
6a5b0934-8c03-4d49-8b76-1778a23193ac,000000000312667035,0000190852,EC1,EC1 Staging System,0020743951,SAP ERP,SAP ERP 6.0,2025-12-31,Expired,0,0,0,0,1
91839dc3-c90f-45aa-95a0-562a1bbfd5c7,000000000312667035,0000190852,EC1,EC1 Staging System,0020743951,SAP NETWEAVER,SAP NetWeaver 7.4,2020-12-31,Expired,0,0,0,0,1
057684c3-66d7-442f-afb8-5576e39f8626,000000000800070385,0000190852,ED2,vsaped201,0020743951,SAP ERP,SAP ERP 6.0,2025-12-31,Expired,0,0,0,0,1
4c90469e-aef1-42b8-b444-4335407b7596,000000000800070385,0000190852,ED2,vsaped201,0020743951,SAP NETWEAVER,SAP NetWeaver 7.4,2020-12-31,Expired,0,0,0,0,1
9a7cc3b9-e4e8-4fbc-914a-1cfa0504077c,000000000800159590,0000190852,XA1,XA1 - Sys copy staging,0020743951,SAP ERP,SAP ERP 6.0,2025-12-31,Expired,0,0,0,0,1
80eb995c-84aa-4944-afeb-8b808739e3b2,000000000800159590,0000190852,XA1,XA1 - Sys copy staging,0020743951,SAP NETWEAVER,SAP NetWeaver 7.4,2020-12-31,Expired,0,0,0,0,1
3f052734-f82a-402b-8038-186a51cbc6e9,000000000800780229,0000190852,DFD,DEF - S/4 HANA Development System,0021084671,ABAP PLATFORM,Abap Platform 2022,2027-12-31,Expires in 12-24 Months,0,1,0,0,0
4dce2d49-b8d9-4198-9e02-460acd875079,000000000800780229,0000190852,DFD,DEF - S/4 HANA Development System,0021084671,SAP S/4HANA,SAP S/4HANA 2022,2027-12-31,Expires in 12-24 Months,0,1,0,0,0
90dd0f1d-275f-41dc-8695-ec4b4e06a0f5,000000000800780229,0000190852,DFD,DEF - S/4 HANA Development System,0021084671,SAP S/4HANA FOUNDATION,"SAP S/4HANA Foundation 2022 - restricted use only, please see note 3143630.",2027-12-31,Expires in 12-24 Months,0,1,0,0,0
030b6c86-88d7-45ce-921b-4032ef553271,000000000850349196,0000190852,ECM,Mock System for the Migration simulation,0020743951,SAP ERP,SAP ERP 6.0,2025-12-31,Expired,0,0,0,0,1
8e39da5c-cb99-4586-813b-479171a04b64,000000000850349196,0000190852,ECM,Mock System for the Migration simulation,0020743951,SAP NETWEAVER,SAP NetWeaver 7.4,2020-12-31,Expired,0,0,0,0,1
68ddb434-7327-4396-95c4-5fa3b89c6ad6,000000000850402579,0000190852,HRX,HR Sandbox 7.5 System,0020807372,SAP ERP,SAP ERP 6.0,2025-12-31,Expired,0,0,0,0,1
07466d68-5b3a-4bb0-8ec1-be67d47ad832,000000000850402579,0000190852,HRX,HR Sandbox 7.5 System,0020807372,SAP NETWEAVER,SAP NetWeaver 7.5,2027-12-31,Expired,0,0,0,0,1
0b372f03-be30-4495-8a7a-a8b2550b5c9b,000000000850404953,0000190852,ECT,Training System for ECT,0020743951,SAP ERP,SAP ERP 6.0,2025-12-31,Expired,0,0,0,0,1
eeea7c57-659a-49eb-8297-21dcec692bb1,000000000850404953,0000190852,ECT,Training System for ECT,0020743951,SAP NETWEAVER,SAP NetWeaver 7.4,2020-12-31,Expired,0,0,0,0,1
f88d9b20-2b97-4d70-9b9c-0551d6864d38,000000000850468514,0000190852,EQ3,SAP Truck Care Quality System,0020743951,SAP ERP,SAP ERP 6.0,2025-12-31,Expired,0,0,0,0,1
ffe8e465-995c-4ef2-9760-56babf47f4a1,000000000850468514,0000190852,EQ3,SAP Truck Care Quality System,0020743951,SAP NETWEAVER,SAP NetWeaver 7.4,2020-12-31,Expired,0,0,0,0,1
a5e60049-d1cd-4ef0-9bd8-7876b751d0df,000000000850749503,0000190852,DFQ,DEF - S/4 HANA QA,0021084671,ABAP PLATFORM,Abap Platform 2022,2027-12-31,Expires in 12-24 Months,0,1,0,0,0
b6795001-6e53-4e38-bcf9-468af9daa4fa,000000000850749503,0000190852,DFQ,DEF - S/4 HANA QA,0021084671,SAP S/4HANA,SAP S/4HANA 2022,2027-12-31,Expires in 12-24 Months,0,1,0,0,0
2fb36c8a-9b4d-442f-84cc-be91006bdf60,000000000850749503,0000190852,DFQ,DEF - S/4 HANA QA,0021084671,SAP S/4HANA FOUNDATION,"SAP S/4HANA Foundation 2022 - restricted use only, please see note 3143630.",2027-12-31,Expires in 12-24 Months,0,1,0,0,0
91da3660-a43f-4f55-a3b8-38bc10bf0f6c,000000000850765959,0000190852,DFS,DEF - S/4 HANA Stage,0021084671,ABAP PLATFORM,Abap Platform 2022,2027-12-31,Expires in 12-24 Months,0,1,0,0,0
d235a958-aec3-4f09-bcd9-1db645ad8a20,000000000850765959,0000190852,DFS,DEF - S/4 HANA Stage,0021084671,SAP S/4HANA,SAP S/4HANA 2022,2027-12-31,Expires in 12-24 Months,0,1,0,0,0
d1ed4306-b208-497f-8e5d-b75358f819cf,000000000850765959,0000190852,DFS,DEF - S/4 HANA Stage,0021084671,SAP S/4HANA FOUNDATION,"SAP S/4HANA Foundation 2022 - restricted use only, please see note 3143630.",2027-12-31,Expires in 12-24 Months,0,1,0,0,0
b1a54d5b-fbc2-4f71-ac39-21f95ee1b53e,000000000850793577,0000190852,FRD,Focused Run Dev,0021084671,ABAP PLATFORM,ABAP Platform 2020,2025-12-31,Expired,0,0,0,0,1
baed4199-40e9-4018-b8e6-e26c8584af99,000000000850793577,0000190852,FRD,Focused Run Dev,0021084671,SAP S/4HANA FOUNDATION,"SAP S/4HANA Foundation 2020 - restricted use only, please see note 2912919.",2025-12-31,Expired,0,0,0,0,1
11e237c9-8b14-455b-a5d8-329d4dd2c76d,000000000850837150,0000190852,DFX,DEF - Sandbox,0021084671,SAP S/4HANA,SAP S/4HANA 2022,2027-12-31,Expires in 12-24 Months,0,1,0,0,0
799fa43c-d588-4a87-acd6-9b0c06f6a76d,000000000312111858,0000190852,CRD,CRM Development System,0020767153,SAP CRM,SAP Customer Relationship Management 7.0 (Easy Adoption),2025-12-31,Expired,0,0,0,0,1
be619571-da9e-4e64-b79b-24772b3827b6,000000000312111858,0000190852,CRD,CRM Development System,0020767153,SAP NETWEAVER,SAP NetWeaver 7.4,2020-12-31,Expired,0,0,0,0,1
e6e4cea2-4b0f-43b9-8e6c-7ad79d31075e,000000000312115904,0000190852,CRQ,CRM HANA Quality Assurance System,0020767153,SAP CRM,SAP Customer Relationship Management 7.0 (Easy Adoption),2025-12-31,Expired,0,0,0,0,1
db6100cc-aa89-4e57-bbb4-1d8b2f80e5e7,000000000312115904,0000190852,CRQ,CRM HANA Quality Assurance System,0020767153,SAP NETWEAVER,SAP NetWeaver 7.4,2020-12-31,Expired,0,0,0,0,1
553d53c9-3cad-49e5-8529-ad30dc5b8aab,000000000312134350,0000190852,CRX,CRM Sandbox System,0020767153,SAP CRM,SAP Customer Relationship Management 7.0 (Easy Adoption),2025-12-31,Expired,0,0,0,0,1
37a5f9cc-81d2-4086-bc37-7b1bf9481bc4,000000000312134350,0000190852,CRX,CRM Sandbox System,0020767153,SAP NETWEAVER,SAP NetWeaver 7.4,2020-12-31,Expired,0,0,0,0,1
cfdffee5-fa91-4159-9c05-a91f98e0f6d1,000000000950035181,0000190852,DAQ,Digital Asset Management Quality Assuran,0020743951,SAP DAM BY OPENTEXT,SAP Digital Asset Management 10.5 by OpenText,2020-03-31,Expired,0,0,0,0,1
da9d3730-bafa-44db-83d9-55bc601c00f3,000000000950035182,0000190852,DAD,Digital Asset Management Development,0020743951,SAP DAM BY OPENTEXT,SAP Digital Asset Management 10.5 by OpenText,2020-03-31,Expired,0,0,0,0,1
02fd7f98-8c90-4a25-826a-01c1c703c014,000000000311949355,0000190852,SLD,System Landscape Directory,0020743977,SAP NETWEAVER,SAP NetWeaver 7.4,2020-12-31,Expired,0,0,0,0,1
d121b4f3-69ae-47c0-929c-1422055aa07b,000000000311959289,0000190852,SMD,SMD (Old 7.1 - do NOT use),0020743976,SAP NETWEAVER,SAP enhancement package 2 for SAP NetWeaver 7.0,2017-12-31,Expired,0,0,0,0,1
1110c7d1-a1d0-4871-9230-9aa654558479,000000000311959289,0000190852,SMD,SMD (Old 7.1 - do NOT use),0020743976,SAP SOLUTION MANAGER,SAP Solution Manager 7.1,2017-12-31,Expired,0,0,0,0,1
450fca3a-1fc1-4379-bc3d-fd7ebb7282cd,000000000311970191,0000190852,DSD,Data Services Development,0020743978,SAP DATA SERVICES,SAP Data Services 4.2,2023-05-31,Expired,0,0,0,0,1
03ead9a0-841e-44cb-876b-0c84cacb069a,000000000311971151,0000190852,ISD,Information Steward - Development,0020743978,SAP INFORMATION STEWARD,SAP Information Steward 4.1,2014-12-31,Expired,0,0,0,0,1
03cbfb4f-6d11-4a57-9b20-551db95d346e,000000000311991429,0000190852,GRD,GRC Development System,0020777180,NW AS ABAP INNOVATION PACKAGE,NetWeaver Application Server for ABAP 7.52,2027-12-31,Expires in 12-24 Months,0,1,0,0,0
7254c604-ae38-4ef8-beb4-2f384db6442e,000000000311991429,0000190852,GRD,GRC Development System,0020777180,SAP NETWEAVER,SAP NetWeaver 7.5,2027-12-31,Expires in 12-24 Months,0,1,0,0,0
26490534-e875-42ac-be77-6b07a636e6ed,000000000311993287,0000190852,LVX,LVX - LVM Sandbox,0020743977,SAP NETWEAVER,SAP NetWeaver 7.4,2020-12-31,Expired,0,0,0,0,1
a280ede9-3322-43ac-b909-67873de00485,000000000311994596,0000190852,EPD,Netweaver Enterprise Portals Development,0020778103,SAP NETWEAVER,SAP NetWeaver 7.4,2020-12-31,Expired,0,0,0,0,1
39abfb0b-a8a9-41c3-8be4-14d5e95c56ec,000000000312107393,0000190852,CRX,CRX - HANA DB Sandbox,0020767153,SAP HANA PLATFORM EDITION,"SAP HANA 1.0, platform edition",2021-06-30,Expired,0,0,0,0,1
e02492ca-6afc-4e5d-9649-256d2c7b7dbf,000000000312111486,0000190852,BWD,BW 7.5 Development,0020743977,SAP NETWEAVER,SAP NetWeaver 7.5,2027-12-31,Expires in 12-24 Months,0,1,0,0,0
4be50655-c90f-4acd-8bad-94655e25449a,000000000312112032,0000190852,CRD,CRM HANA Development System,0020767153,SAP HANA PLATFORM EDITION,"SAP HANA 1.0, platform edition",2021-06-30,Expired,0,0,0,0,1
d904866b-fb4f-42ac-b254-31919711ee6e,000000000312113781,0000190852,BWD,BWD HANA database,0020743977,SAP HANA PLATFORM EDITION,SAP HANA platform edition 2.0,2028-11-30,Expires in 24-36 Months,0,0,1,0,0
8aa90fb7-f592-4534-9bbc-4c5f461767ab,000000000312114505,0000190852,BWX,BW 7.5 Sandbox Linux,0020743977,SAP NETWEAVER,SAP NetWeaver 7.5,2027-12-31,Expires in 12-24 Months,0,1,0,0,0
72678ff3-7572-456f-a8fe-8b505c4adb7f,000000000312114507,0000190852,BWQ,NW 7.5 Test System,0020743977,SAP NETWEAVER,SAP NetWeaver 7.5,2027-12-31,Expires in 12-24 Months,0,1,0,0,0
85c756cb-ca99-4596-8fbe-1040e7b1580f,000000000312114514,0000190852,BWQ,BWQ HANA databse,0020743977,SAP HANA PLATFORM EDITION,SAP HANA platform edition 2.0,2028-11-30,Expires in 24-36 Months,0,0,1,0,0
987f1402-36e8-4abb-9935-46a26b6e2296,000000000312114528,0000190852,BWX,BWX HANA database,0020743977,SAP HANA PLATFORM EDITION,SAP HANA platform edition 2.0,2028-11-30,Expires in 24-36 Months,0,0,1,0,0
21d150ab-ed32-4664-af1f-f32b493cb446,000000000312115974,0000190852,CRQ,CRM HANA DB Quality Assurance,0020767153,SAP HANA PLATFORM EDITION,"SAP HANA 1.0, platform edition",2021-06-30,Expired,0,0,0,0,1
02b06103-dc1b-4c87-9c10-bbb1415b200d,000000000312117615,0000190852,ECD,ECC Development HANA DB,0020743951,SAP HANA PLATFORM EDITION,SAP HANA platform edition 2.0,2028-11-30,Expires in 24-36 Months,0,0,1,0,0
27fb18a3-bf44-4179-be37-edb6ce869ebf,000000000312117656,0000190852,ECX,ECC Sandbox DB,0020743951,SAP HANA PLATFORM EDITION,"SAP HANA 1.0, platform edition",2021-06-30,Expires in 24-36 Months,0,0,1,0,0
739dbde2-58e7-44ef-bf4e-ae6bef788fa8,000000000312117656,0000190852,ECX,ECC Sandbox DB,0020743951,SAP HANA PLATFORM EDITION,SAP HANA platform edition 2.0,2028-11-30,Expires in 24-36 Months,0,0,1,0,0
01930b40-1f0b-46d2-9035-3a439d29f00d,000000000312120363,0000190852,POD,Process Orchestration Development,0020776592,SAP NETWEAVER,SAP NetWeaver 7.5,2027-12-31,Expires in 12-24 Months,0,1,0,0,0
1ed08aad-2140-4542-9cae-44e3f39e9490,000000000312122541,0000190852,POQ,Process Orchestration QA,0020776592,SAP NETWEAVER,SAP NetWeaver 7.5,2027-12-31,Expires in 12-24 Months,0,1,0,0,0
590a7604-4387-4ed9-aa1e-45bcb6424f28,000000000312132087,0000190852,GRQ,GRC Quality Assurance System,0020777180,SAP NETWEAVER,SAP NetWeaver 7.5,2027-12-31,Expires in 12-24 Months,0,1,0,0,0
1759b7fd-bbef-4fd3-b3f2-f559fd323d69,000000000312134486,0000190852,BJD,BWDevelopment portal,0020743977,SAP NETWEAVER,SAP NetWeaver 7.4,2020-12-31,Expired,0,0,0,0,1
8f5a90af-90c6-4e5f-b225-b54fb4310b0c,000000000312135730,0000190852,POX,Process Orchestration Sandbox,0020776592,SAP NETWEAVER,SAP NetWeaver 7.5,2027-12-31,Expires in 12-24 Months,0,1,0,0,0
7205e209-e373-4209-b513-2b1d48ad921a,000000000312137655,0000190852,EPQ,Enterprise Portals Quality Assurance Sys,0020778103,SAP NETWEAVER,SAP NetWeaver 7.4,2020-12-31,Expired,0,0,0,0,1
4e186b44-46f9-4be1-b0f3-99369f464197,000000000312142301,0000190852,NDP,NDP - NWDI,0020743977,SAP NETWEAVER,SAP NetWeaver 7.4,2020-12-31,Expired,0,0,0,0,1
c9773065-0c61-4aeb-b75b-fa0a211e80b9,000000000312143658,0000190852,IDX,IDX Identity Management Sandbox,0020778103,SAP NETWEAVER,SAP NetWeaver 7.4,2020-12-31,Expired,0,0,0,0,1
2b0b75c2-de15-4b78-acc7-b78b3d2bccc5,000000000312144838,0000190852,IDD,IDD identity Management Development,0020778103,SAP NETWEAVER,SAP NetWeaver 7.4,2020-12-31,Expired,0,0,0,0,1
a0317cb4-a676-4332-94b9-1c938c3a6c4e,000000000312148957,0000190852,BOQ,BOQ SBO BOE 4.2 QA/Test system,0020743978,SBOP BI PLATFORM (ENTERPRISE),SAP BusinessObjects Business Intelligence platform 4.2,2022-12-31,Expired,0,0,0,0,1
5fe3128e-1615-439a-8008-848e3c1b4f09,000000000312148986,0000190852,BOX,BOX BOE 4.3 Sandbox,0020743978,SBOP BI PLATFORM (ENTERPRISE),SAP BusinessObjects Business Intelligence platform 4.3,2026-12-31,Expires in 0-12 Months,1,0,0,0,0
9c0a8962-c603-4929-9ff3-edc73f6c64e5,000000000312153752,0000190852,ECQ,ECQ - Hana Lincenses,0020743951,SAP HANA PLATFORM EDITION,SAP HANA platform edition 2.0,2028-11-30,Expires in 24-36 Months,0,0,1,0,0
d1c096da-2049-489a-adb5-25d397a0a490,000000000312168160,0000190852,CPD,Redwood Development System,0020743977,SAP NETWEAVER,SAP NetWeaver 7.4,2020-12-31,Expired,0,0,0,0,1
a97731f5-a619-4a64-9cdd-e0285188ff66,000000000312170029,0000190852,BJX,BW Sandbox Portal,0020743977,SAP NETWEAVER,SAP NetWeaver 7.4,2020-12-31,Expired,0,0,0,0,1
9641f861-d029-49aa-b208-ab3a4a64ffe7,000000000312184281,0000190852,BJQ,BW Test portal,0020743977,SAP NETWEAVER,SAP NetWeaver 7.4,2020-12-31,Expired,0,0,0,0,1
84b89c01-bd3a-4959-b6a5-2a65834d7e6c,000000000312189037,0000190852,IDQ,IDM Identity Management QA / Test,0020778103,SAP NETWEAVER,SAP NetWeaver 7.5,2027-12-31,Expires in 12-24 Months,0,1,0,0,0
0723a897-6bed-4819-b0b2-151567e2a33c,000000000312191792,0000190852,BWD,BWD - lovesdev domain,0020743977,SAP NETWEAVER,SAP NetWeaver 7.4,2020-12-31,Expired,0,0,0,0,1
b3914f74-f11c-4d1f-9ce1-ec0bf5c7f2d7,000000000312212960,0000190852,HRD,HR Development HANA DB,0020807372,SAP HANA PLATFORM EDITION,"SAP HANA 1.0, platform edition",2021-06-30,Expired,0,0,0,0,1
cbeecafc-17f4-4d1f-9b09-7ac8eb585f45,000000000312224141,0000190852,HRQ,HR Quality Assurance HANA DB,0020807372,SAP HANA PLATFORM EDITION,"SAP HANA 1.0, platform edition",2021-06-30,Expired,0,0,0,0,1
c88a08e5-4a5e-48cc-81bf-ab12326c0c58,000000000312236536,0000190852,HRX,HR Sandbox HANA System,0020807372,SAP HANA PLATFORM EDITION,"SAP HANA 1.0, platform edition",2021-06-30,Expires in 24-36 Months,0,0,1,0,0
00921f42-c5a2-4839-9e00-55a7feb94fc8,000000000312236536,0000190852,HRX,HR Sandbox HANA System,0020807372,SAP HANA PLATFORM EDITION,SAP HANA platform edition 2.0,2028-11-30,Expires in 24-36 Months,0,0,1,0,0
195a55e8-e53b-442b-97bc-f09441896db0,000000000312293895,0000190852,CPQ,,0020743977,SAP NETWEAVER,SAP NetWeaver 7.5,2027-12-31,Expires in 12-24 Months,0,1,0,0,0
8b302a96-b6a5-4724-822c-671e482b0603,000000000312303380,0000190852,NGD,Development NW Gateway System,0020743977,SAP NETWEAVER,SAP NetWeaver 7.4,2020-12-31,Expired,0,0,0,0,1
368b1708-1ad1-4491-ad32-f51ff2d3dd1d,000000000312306507,0000190852,NGQ,Gateway QA System,0020743977,SAP NETWEAVER,SAP NetWeaver 7.4,2020-12-31,Expired,0,0,0,0,1
9f790882-ca84-4024-9fa2-4e0373f87f9c,000000000312395439,0000190852,GRX,GRC Sanbox,0020777180,SAP NETWEAVER,SAP NetWeaver 7.5,2027-12-31,Expires in 12-24 Months,0,1,0,0,0
6d597987-755f-4cfa-a4c3-fa396398ecb1,000000000312490513,0000190852,BQ2,BW 7.4 Development - Phase II,0020743977,,,,Expires in 12-24 Months,0,1,0,0,0
1e41d53d-3961-4111-94d4-dece8f34767d,000000000312493517,0000190852,JD2,BWDevelopment portal Phase2,0020743977,SAP NETWEAVER,SAP NetWeaver 7.4,2020-12-31,Expired,0,0,0,0,1
c2fdd956-90f9-4db9-85ac-105087c72b3e,000000000312513388,0000190852,ICD,,0020778103,SAP NETWEAVER,SAP NetWeaver 7.4,2020-12-31,Expired,0,0,0,0,1
47676fcd-ca20-4477-9c10-8760c4d48458,000000000312524049,0000190852,NGQ,Netweaver Gateway QA,0020743977,SAP NETWEAVER,SAP NetWeaver 7.4,2020-12-31,Expires in 12-24 Months,0,1,0,0,0
9c847d14-bd31-4ce4-99f4-3d539d77d03f,000000000312524049,0000190852,NGQ,Netweaver Gateway QA,0020743977,SAP NETWEAVER,SAP NetWeaver 7.5,2027-12-31,Expires in 12-24 Months,0,1,0,0,0
52e93052-3cfd-4d2e-8d2f-21edfa9efaf6,000000000312539735,0000190852,NQ2,vsapnq202,0020743977,SAP NETWEAVER,SAP NetWeaver 7.4,2020-12-31,Expired,0,0,0,0,1
1990d3d6-7cf3-4fb0-9860-bba0c7b0e3b2,000000000312543777,0000190852,EQ2,vsaphanaeq201,0020743951,SAP HANA PLATFORM EDITION,SAP HANA platform edition 2.0,2028-11-30,Expires in 24-36 Months,0,0,1,0,0
e10ab39a-9ba9-4d4c-a1b7-be62e4f43d46,000000000312549107,0000190852,NGS,Staging,0020743977,SAP NETWEAVER,SAP NetWeaver 7.4,2020-12-31,Expired,0,0,0,0,1
389db24a-6829-4a17-bbaf-8a3cccf190c9,000000000312553512,0000190852,ND2,vsapnd201,0020743977,SAP NETWEAVER,SAP NetWeaver 7.4,2020-12-31,Expired,0,0,0,0,1
56da076c-0c8e-44d9-8fec-01c30b04b73b,000000000312565001,0000190852,BQ2,BQ2 HANA database,0020743977,SAP HANA PLATFORM EDITION,"SAP HANA 1.0, platform edition",2021-06-30,Expired,0,0,0,0,1
72feb279-f264-4b03-870d-056b975ff588,000000000312574664,0000190852,BD2,BD2 HANA System,0020743977,SAP HANA PLATFORM EDITION,"SAP HANA 1.0, platform edition",2021-06-30,Expired,0,0,0,0,1
c9aeca42-9492-49da-8f68-2ebe084787f1,000000000312577253,0000190852,BWS,NW 7.4 Stage,0020743977,SAP NETWEAVER,SAP NetWeaver 7.4,2020-12-31,Expires in 12-24 Months,0,1,0,0,0
097d765e-614d-42d2-9d08-e15cf2887785,000000000312577253,0000190852,BWS,NW 7.4 Stage,0020743977,SAP NETWEAVER,SAP NetWeaver 7.5,2027-12-31,Expires in 12-24 Months,0,1,0,0,0
07b35505-1f05-4335-aefb-868d4ddd6186,000000000312598413,0000190852,ICQ,ICQ,0020778103,SAP NETWEAVER,SAP NetWeaver 7.4,2020-12-31,Expired,0,0,0,0,1
6c09fb38-6956-4ce1-bb7b-9057e9fafcd3,000000000312600306,0000190852,DCQ,DCQ identity Management QA,0020778103,SAP NETWEAVER,SAP NetWeaver 7.4,2020-12-31,Expired,0,0,0,0,1
4fd751ed-e4d2-4e34-b90d-ce690455f7c0,000000000312616438,0000190852,ECS,ECS HANA System,0020743951,SAP HANA PLATFORM EDITION,SAP HANA platform edition 2.0,2028-11-30,Expires in 24-36 Months,0,0,1,0,0
f52cd56d-8c65-4c23-a0bc-eb0227c26b08,000000000312616531,0000190852,BWS,BW Staging System,0020743977,SAP HANA PLATFORM EDITION,SAP HANA platform edition 2.0,2028-11-30,Expires in 24-36 Months,0,0,1,0,0
e8c02856-dff0-4fea-bd80-0439be9750b6,000000000312637791,0000190852,EQ2,,0020743951,SAP HANA PLATFORM EDITION,"SAP HANA 1.0, platform edition",2021-06-30,Expired,0,0,0,0,1
74007091-bddc-41fd-9aa6-71257ab5df9a,000000000312655128,0000190852,POS,Process Orchestration Staging,0020776592,SAP NETWEAVER,SAP NetWeaver 7.5,2027-12-31,Expires in 12-24 Months,0,1,0,0,0
8ea39246-ef48-438c-b35e-b4a7243839fd,000000000312658383,0000190852,BOS,BOBJ Stage Environment,0020743978,SBOP BI PLATFORM (ENTERPRISE),SAP BusinessObjects Business Intelligence platform 4.2,2022-12-31,Expired,0,0,0,0,1
78dbee9b-e565-4255-98c1-b0f4f2262014,000000000312688242,0000190852,BOX,BOX Sandbox 4.2,0020743978,SBOP BI PLATFORM (ENTERPRISE),SAP BusinessObjects Business Intelligence platform 4.2,2022-12-31,Expired,0,0,0,0,1
db67271c-3136-496d-bc8e-7b984a6b2a15,000000000800001172,0000190852,TPX,Transportation Management Sandbox,0020743977,SAP NETWEAVER,SAP NetWeaver 7.4,2020-12-31,Expires in 12-24 Months,0,1,0,0,0
0f188af7-aa70-46d2-86ab-3a9b43552ef9,000000000800001172,0000190852,TPX,Transportation Management Sandbox,0020743977,SAP NETWEAVER,SAP NetWeaver 7.5,2027-12-31,Expires in 12-24 Months,0,1,0,0,0
b1f73325-c612-4f98-83e2-3ffb5b490833,000000000800002241,0000190852,TPD,TPD Development System,0020743977,SAP NETWEAVER,SAP NetWeaver 7.4,2020-12-31,Expires in 12-24 Months,0,1,0,0,0
e22c0684-6b01-4fb2-bf54-b842e5610015,000000000800002241,0000190852,TPD,TPD Development System,0020743977,SAP NETWEAVER,SAP NetWeaver 7.5,2027-12-31,Expires in 12-24 Months,0,1,0,0,0
79c2c439-14c1-457b-bede-2f4c94df3cf2,000000000800004651,0000190852,SMX,Solution Manager Sand Box,0020743976,SAP SOLUTION MANAGER,SAP Solution Manager 7.1,2017-12-31,Expired,0,0,0,0,1
afa84473-44c5-497a-b9bc-1a073ff120b4,000000000800074323,0000190852,EXX,EXX Temp System,0020743977,SAP HANA PLATFORM EDITION,"SAP HANA 1.0, platform edition",2021-06-30,Expired,0,0,0,0,1
b594f81d-2fc5-437d-a970-7cb77232b79c,000000000800081237,0000190852,TPS,TM Staging,0020743977,SAP NETWEAVER,SAP NetWeaver 7.4,2020-12-31,Expires in 12-24 Months,0,1,0,0,0
61d56155-c9e9-4bf0-9904-3650d5cc5041,000000000800081237,0000190852,TPS,TM Staging,0020743977,SAP NETWEAVER,SAP NetWeaver 7.5,2027-12-31,Expires in 12-24 Months,0,1,0,0,0
210a6e2d-8db1-4249-adc3-03953f914d68,000000000800218672,0000190852,SMD,New SMD,0020743976,SAP SOLUTION MANAGER,SAP Solution Manager 7.2,2027-12-31,Expires in 12-24 Months,0,1,0,0,0
5582d636-18f0-4b4d-a298-259316a767e7,000000000800236747,0000190852,SJD,Solution Manager 7.2 JAVA System,0020743976,SAP NETWEAVER,SAP NetWeaver 7.5,2027-12-31,Expires in 12-24 Months,0,1,0,0,0
5fad7483-d89b-4578-b028-109b81e10edc,000000000800236747,0000190852,SJD,Solution Manager 7.2 JAVA System,0020743976,SAP SOLUTION MANAGER,SAP Solution Manager 7.2,2027-12-31,Expires in 12-24 Months,0,1,0,0,0
ca6b460e-4787-42d7-ab2e-42d240308cce,000000000800299658,0000190852,ID2,vsapidd02,0020778103,SAP NETWEAVER,SAP NetWeaver 7.5,2027-12-31,Expires in 12-24 Months,0,1,0,0,0
07990a9e-1294-4962-b6ae-cebb03c66220,000000000800308464,0000190852,S72,SAP Prod Solman for Monitoring,0020743976,SAP SOLUTION MANAGER,SAP Solution Manager 7.2,2027-12-31,Expires in 12-24 Months,0,1,0,0,0
b3c84dc7-ebc2-4a88-8a38-4355b7c85403,000000000800351573,0000190852,ECM,vsaphanaecp01,0020743951,SAP HANA PLATFORM EDITION,"SAP HANA 1.0, platform edition",2021-06-30,Expired,0,0,0,0,1
a81f5b97-88e3-4b9d-b2c2-056c7205b30e,000000000800351575,0000190852,BWM,BWM,0020743977,SAP HANA PLATFORM EDITION,"SAP HANA 1.0, platform edition",2021-06-30,Expired,0,0,0,0,1
71d5ff7b-1e57-46c1-b48a-faf52891f7a2,000000000800353633,0000190852,BWM,BW ABAP for MOCK,0020743977,SAP NETWEAVER,SAP NetWeaver 7.4,2020-12-31,Expired,0,0,0,0,1
325c25a6-911c-4d16-a3bc-ce4755c3a3a6,000000000800357837,0000190852,GRX,GRC Sandbox Win 2012,0020777180,SAP NETWEAVER,SAP NetWeaver 7.4,2020-12-31,Expired,0,0,0,0,1
eba35ef2-d31d-4e2f-88a7-268e77bf1a3e,000000000800361561,0000190852,GRX,GRX 7.5 Sandbox,0020777180,SAP NETWEAVER,SAP NetWeaver 7.5,2027-12-31,Expires in 12-24 Months,0,1,0,0,0
6b9a01e7-f2b2-416b-a7a0-f7e8ed02dfe0,000000000800368072,0000190852,GRD,GRC 7.5 Development System,0020777180,SAP NETWEAVER,SAP NetWeaver 7.5,2027-12-31,Expires in 12-24 Months,0,1,0,0,0
88aa87ea-5fe0-4763-a607-f529143b3b47,000000000800402591,0000190852,BWS,BW  7.5 Stage Environment,0020743977,SAP NETWEAVER,SAP NetWeaver 7.5,2027-12-31,Expires in 12-24 Months,0,1,0,0,0
eacef7d5-158c-48ad-a0ff-160d5e085b16,000000000800541520,0000190852,NGX,Netweaver Gateway Sandbox,0020743977,AS ABAP FOR S/4HANA FRONTEND,NetWeaver Application Server ABAP for S/4HANA on Premise 1709 Frontend Server,2027-12-31,Expires in 12-24 Months,0,1,0,0,0
e85e4c78-8db7-4a95-b7fb-24d0a9650387,000000000800541520,0000190852,NGX,Netweaver Gateway Sandbox,0020743977,SAP NETWEAVER,SAP NetWeaver 7.5,2027-12-31,Expires in 12-24 Months,0,1,0,0,0
e11c6653-3938-44c0-8583-1a3c1beb0bd5,000000000800640807,0000190852,ABD,ADS Development JAVA System,0020743977,SAP NETWEAVER,SAP NetWeaver 7.5,2027-12-31,Expires in 12-24 Months,0,1,0,0,0
0cc72064-75b1-4b7c-998d-0b24865decfb,000000000800659664,0000190852,ABS,ADS Staging System,0020743977,SAP NETWEAVER,SAP NetWeaver 7.5,2027-12-31,Expires in 12-24 Months,0,1,0,0,0
947cd91f-05c6-4eee-b4b6-ac18ec9b766f,000000000800684688,0000190852,LMD,SAP Landscape Management,0020743977,SAP NETWEAVER,SAP NetWeaver 7.5,2027-12-31,Expires in 12-24 Months,0,1,0,0,0
656ed92d-a196-49de-9db5-8eba45d4066f,000000000800689273,0000190852,SOD,Solution Manager 7.2 AWS Linux,0020743976,SAP SOLUTION MANAGER,SAP Solution Manager 7.2,2027-12-31,Expires in 12-24 Months,0,1,0,0,0
129654ac-00f7-437b-8bde-817243bbb409,000000000800690246,0000190852,JSD,Solution Manager JAVA Dev System,0020743976,SAP SOLUTION MANAGER,SAP Solution Manager 7.2,2027-12-31,Expires in 12-24 Months,0,1,0,0,0
03ffec10-d736-4ac1-94d8-89ea5576495c,000000000800698442,0000190852,BOQ,BI 4.3 AWS QUALITY SYSTEM,0020904060,SBOP BI PLATFORM (ENTERPRISE),SAP BusinessObjects Business Intelligence platform 4.3,2026-12-31,Expires in 0-12 Months,1,0,0,0,0
3067f46d-d04b-4842-af73-926222cfac51,000000000800698446,0000190852,BOS,BI 4.3 AWS STAGING SYSTEM,0020904060,SBOP BI PLATFORM (ENTERPRISE),SAP BusinessObjects Business Intelligence platform 4.3,2026-12-31,Expires in 0-12 Months,1,0,0,0,0
e0514f48-cdbf-4412-9184-5c612699d803,000000000800698449,0000190852,BOX,BI 4.3 AWS SANDBOX SYSTEM,0020904060,SBOP BI PLATFORM (ENTERPRISE),SAP BusinessObjects Business Intelligence platform 4.3,2026-12-31,Expires in 0-12 Months,1,0,0,0,0
83b53760-974e-4683-ab1d-a51c8eff3d76,000000000800717673,0000190852,PIX,Netweaver Process Orchestration,0020776592,SAP NETWEAVER,SAP NetWeaver 7.5,2027-12-31,Expires in 12-24 Months,0,1,0,0,0
093298e7-6c34-488b-8e7b-b807d618e402,000000000800728284,0000190852,PID,Process Orchestration Development System,0020776592,SAP NETWEAVER,SAP NetWeaver 7.5,2027-12-31,Expires in 12-24 Months,0,1,0,0,0
341d6df6-bee1-407d-ad19-d76aa92ba0af,000000000800745610,0000190852,PIQ,Process Orchestration QA System,0020776592,SAP NETWEAVER,SAP NetWeaver 7.5,2027-12-31,Expires in 12-24 Months,0,1,0,0,0
a52b4fe7-f0d3-4db8-8946-8153824053b9,000000000800770496,0000190852,PIS,Process Orchestration Staging System,0020776592,SAP NETWEAVER,SAP NetWeaver 7.5,2027-12-31,Expires in 12-24 Months,0,1,0,0,0
a733ad6b-c125-48db-b36d-00f8e9627ac1,000000000800786807,0000190852,NWD,AWS PO Development Hana Database,0020743977,SAP HANA PLATFORM EDITION,SAP HANA platform edition 2.0,2028-11-30,Expires in 24-36 Months,0,0,1,0,0
a2303b3e-3aa6-41cd-94ec-31ce489a83cf,000000000800786808,0000190852,NWS,AWS PO Staging HANA Database,0020743977,SAP HANA PLATFORM EDITION,SAP HANA platform edition 2.0,2028-11-30,Expires in 24-36 Months,0,0,1,0,0
71482fa0-b630-4581-85bb-005c0bbceda8,000000000800788193,0000190852,NWQ,AWS PO Quality Assurance HANA DB,0020743977,SAP HANA PLATFORM EDITION,SAP HANA platform edition 2.0,2028-11-30,Expires in 24-36 Months,0,0,1,0,0
bea6d48d-69e6-4671-8b91-18c42402498c,000000000800790917,0000190852,DFD,,0021084671,SAP HANA PLATFORM EDITION,SAP HANA platform edition 2.0,2028-11-30,Expires in 24-36 Months,0,0,1,0,0
d4f469c1-d1b7-44fc-a42e-9199c13903ad,000000000800977054,0000190852,TPX,SAP TM 9.6,0020743977,SAP HANA PLATFORM EDITION,SAP HANA platform edition 2.0,2028-11-30,Expires in 24-36 Months,0,0,1,0,0
d298c153-bad4-441f-a435-b4117868f4fe,000000000801024577,0000190852,TPS,TPS ABAP,0020743977,SAP NETWEAVER,SAP NetWeaver 7.5,2027-12-31,Expires in 12-24 Months,0,1,0,0,0
10a5f2be-9281-43ef-a497-c2c0390870cb,000000000850015185,0000190852,TPQ,TPQ QA System,0020743977,SAP NETWEAVER,SAP NetWeaver 7.4,2020-12-31,Expires in 12-24 Months,0,1,0,0,0
d03e7a83-d704-47b6-ad6f-2ec1c6f90361,000000000850015185,0000190852,TPQ,TPQ QA System,0020743977,SAP NETWEAVER,SAP NetWeaver 7.5,2027-12-31,Expires in 12-24 Months,0,1,0,0,0
a6477ee1-5696-4a6c-b800-af189e00a8b5,000000000850015781,0000190852,BW1,BW1,0020743977,SAP HANA PLATFORM EDITION,"SAP HANA 1.0, platform edition",2021-06-30,Expired,0,0,0,0,1
89d1ba4e-898c-4f72-8cc9-502a13560ca6,000000000850016287,0000190852,CPS,CPS,0020743977,SAP NETWEAVER,SAP NetWeaver 7.4,2020-12-31,Expired,0,0,0,0,1
b1e5390f-db71-4cac-b783-3fcc576f7cd1,000000000850028971,0000190852,OD2,BOBJ Dev N+1,0020743978,SBOP BI PLATFORM (ENTERPRISE),SAP BusinessObjects Business Intelligence platform 4.1 (formerly SBOP Enterprise),2018-12-31,Expired,0,0,0,0,1
0a738f2e-2fac-4546-b400-31bc59cfa3fb,000000000850032584,0000190852,OD2,N+1 BOE DEV 4.2,0020743978,SBOP BI PLATFORM (ENTERPRISE),SAP BusinessObjects Business Intelligence platform 4.2,2022-12-31,Expired,0,0,0,0,1
ddd549de-2b97-4005-90cd-cbbd7597d917,000000000850032585,0000190852,OQ2,N+1 BOE QA 4.2,0020743978,SBOP BI PLATFORM (ENTERPRISE),SAP BusinessObjects Business Intelligence platform 4.2,2022-12-31,Expired,0,0,0,0,1
6a092114-358d-4915-8454-84be5f6ccbb3,000000000850039245,0000190852,SMQ,Solution Manager Quality Assurance,0020743976,SAP SOLUTION MANAGER,SAP Solution Manager 7.2,2027-12-31,Expires in 12-24 Months,0,1,0,0,0
20de5492-1486-4b75-8145-eb2a9175ebcd,000000000850058105,0000190852,OQ2,N+1 BOE 4.1 QA Environment,0020743978,SBOP BI PLATFORM (ENTERPRISE),SAP BusinessObjects Business Intelligence platform 4.1 (formerly SBOP Enterprise),2018-12-31,Expired,0,0,0,0,1
3b035ac4-ccd3-4572-b910-eee3eba25ca8,000000000850223686,0000190852,XA1,XA1HANA,0020743951,SAP HANA PLATFORM EDITION,"SAP HANA 1.0, platform edition",2021-06-30,Expired,0,0,0,0,1
afb33487-e89e-432a-a698-2221da7b4f2e,000000000850237018,0000190852,SJP,SAP Solution manger 7.2 for worksoft imp,0020743976,SAP NETWEAVER,SAP NetWeaver 7.4,2020-12-31,Expires in 12-24 Months,0,1,0,0,0
82edc357-c870-49ba-968c-84a9030326a1,000000000850237018,0000190852,SJP,SAP Solution manger 7.2 for worksoft imp,0020743976,SAP SOLUTION MANAGER,SAP Solution Manager 7.2,2027-12-31,Expires in 12-24 Months,0,1,0,0,0
308cabfe-f7a1-4fdf-90b2-ea49b396ab7f,000000000850303520,0000190852,SJQ,SAP Solution manager Quality JAVA,0020743976,SAP NETWEAVER,SAP NetWeaver 7.5,2027-12-31,Expires in 12-24 Months,0,1,0,0,0
7db3f49e-2c94-4a7d-971d-94e01c11e83c,000000000850303520,0000190852,SJQ,SAP Solution manager Quality JAVA,0020743976,SAP SOLUTION MANAGER,SAP Solution Manager 7.2,2027-12-31,Expires in 12-24 Months,0,1,0,0,0
81314dd1-0e2a-47f7-9f66-d301d38b0b44,000000000850310338,0000190852,J72,SAP Solman 7.2 JAVA,0020743976,SAP HANA PLATFORM EDITION,"SAP HANA 1.0, platform edition",2021-06-30,Expires in 12-24 Months,0,1,0,0,0
28b21980-1820-4f5d-9c36-b37c2f893ef7,000000000850310338,0000190852,J72,SAP Solman 7.2 JAVA,0020743976,SAP NETWEAVER,SAP NetWeaver 7.4,2020-12-31,Expires in 12-24 Months,0,1,0,0,0
480db7ea-d376-4f89-b808-0fa220b38326,000000000850310338,0000190852,J72,SAP Solman 7.2 JAVA,0020743976,SAP SOLUTION MANAGER,SAP Solution Manager 7.2,2027-12-31,Expires in 12-24 Months,0,1,0,0,0
0b201912-88b4-4dfe-9f93-ba1166d5f19c,000000000850328448,0000190852,BJS,BW Stage Portal,0020743977,SAP NETWEAVER,SAP NetWeaver 7.4,2020-12-31,Expired,0,0,0,0,1
84b968bd-6a6e-4797-9e80-181a18a52999,000000000850365370,0000190852,SLD,SLD,0020743977,SAP NETWEAVER,SAP NetWeaver 7.5,2027-12-31,Expires in 12-24 Months,0,1,0,0,0
ace3a84a-6614-4ac9-b425-4c730465a470,000000000850408693,0000190852,IDX,vsapidx11,0020778103,SAP NETWEAVER,SAP NetWeaver 7.5,2027-12-31,Expires in 12-24 Months,0,1,0,0,0
79f09050-eda8-49d6-90c3-73ff4deb463f,000000000850554696,0000190852,DSP,SAP Data Services PROD,0020904060,SBOP BI PLATFORM (ENTERPRISE),SAP BusinessObjects Business Intelligence platform 4.2,2022-12-31,Expired,0,0,0,0,1
1d93351d-403e-4035-895d-53913f3755a4,000000000850567670,0000190852,BOD,Bi 4.3  AWS DEVELOPMENT,0020904060,SBOP BI PLATFORM (ENTERPRISE),SAP BusinessObjects Business Intelligence platform 4.3,2026-12-31,Expires in 0-12 Months,1,0,0,0,0
4e700aec-2901-412b-90a3-704e88172383,000000000850610244,0000190852,ABQ,ADS QA System,0020743977,SAP NETWEAVER,SAP NetWeaver 7.5,2027-12-31,Expires in 12-24 Months,0,1,0,0,0
3e83be1b-4c95-48b1-a58c-433c680ca2fd,000000000850673015,0000190852,SDD,asapcssdd01,0020743977,SAP NETWEAVER,SAP NetWeaver 7.5,2027-12-31,Expires in 12-24 Months,0,1,0,0,0
3b9909b6-d242-42a3-99e0-8a4d196e23ea,000000000850717619,0000190852,NWX,Hana DB for Netweaver Systems,0020743977,SAP HANA PLATFORM EDITION,SAP HANA platform edition 2.0,2028-11-30,Expires in 24-36 Months,0,0,1,0,0
0b60a49e-8ac7-487a-a0de-b2dd9b7e63a2,000000000850761592,0000190852,DFQ,,0021084671,SAP HANA PLATFORM EDITION,SAP HANA platform edition 2.0,2028-11-30,Expires in 24-36 Months,0,0,1,0,0
e299500e-131a-4b9b-815c-c3701f0b10b6,000000000850765960,0000190852,DFS,DFS HANA Database Stage,0021084671,SAP HANA PLATFORM EDITION,SAP HANA platform edition 2.0,2028-11-30,Expires in 24-36 Months,0,0,1,0,0
a4515d58-9341-4cba-b741-b98e5543acfa,000000000850807755,0000190852,DFX,DFX,0021084671,SAP HANA PLATFORM EDITION,SAP HANA platform edition 2.0,2028-11-30,Expires in 24-36 Months,0,0,1,0,0
90811e04-b2bb-49b0-8991-ff667913af5d,000000000850875319,0000190852,LTD,SLT Dev,0020743977,NW AS ABAP INNOVATION PACKAGE,NetWeaver Application Server for ABAP 7.52,2027-12-31,Expires in 12-24 Months,0,1,0,0,0
04158eb4-ee5b-4fd5-822d-0df650add422,000000000850877361,0000190852,LTQ,SLT QAS,0020743977,SAP NETWEAVER,SAP NetWeaver 7.5,2027-12-31,Expires in 12-24 Months,0,1,0,0,0
c6712684-bcfe-4ce4-9479-c81cd811bf0e,000000000850885132,0000190852,TPX,TPX,0020743977,SAP NETWEAVER,SAP NetWeaver 7.4,2020-12-31,Expired,0,0,0,0,1
26c5d2d8-b0c4-4e63-af26-55b9f0652411,000000000850888852,0000190852,TPD,TM 9.6,0020743977,SAP HANA PLATFORM EDITION,SAP HANA platform edition 2.0,2028-11-30,Expires in 24-36 Months,0,0,1,0,0
73a0f53b-74fd-4eb2-8309-68cc79a23123,000000000850890857,0000190852,LTD,SLT Dev HANA,0020743977,SAP HANA PLATFORM EDITION,SAP HANA platform edition 2.0,2028-11-30,Expires in 24-36 Months,0,0,1,0,0
e8d03af1-e216-4328-a3de-e320225cf731,000000000850891069,0000190852,TPQ,TM QA HANA,0020743977,SAP HANA PLATFORM EDITION,SAP HANA platform edition 2.0,2028-11-30,Expires in 24-36 Months,0,0,1,0,0
ea0305b9-7311-47b3-b9bb-81ab209766c2,000000000850891536,0000190852,LTQ,SLT-QA,0020743977,SAP HANA PLATFORM EDITION,SAP HANA platform edition 2.0,2028-11-30,Expires in 24-36 Months,0,0,1,0,0
b1ac97dc-c5c0-4874-b104-e70ff729f455,000000000850894270,0000190852,TPS,TPS HANA Database,0020743977,SAP HANA PLATFORM EDITION,SAP HANA platform edition 2.0,2028-11-30,Expires in 24-36 Months,0,0,1,0,0
8cb25d0b-ceae-42d0-a327-876f3f2724d9,000000000850894279,0000190852,TPS,TPS Stage 7.5,0020743977,SAP NETWEAVER,SAP NetWeaver 7.5,2027-12-31,Expires in 12-24 Months,0,1,0,0,0
de5b8882-46cc-4b7b-a30f-9febc28dcfe1,000000000900044775,0000190852,MOQ,ASE Quality System,0020743979,SAP ADAPTIVE SERVER ENTERPRISE,Sybase Adaptive Server Enterprise 15.7,2020-12-31,Expired,0,0,0,0,1
b6a14687-6edb-410b-af36-65a9b93d2702,000000000900045455,0000190852,MOD,ASE Development System,0020743979,SAP ADAPTIVE SERVER ENTERPRISE,Sybase Adaptive Server Enterprise 15.7,2020-12-31,Expired,0,0,0,0,1
4350ba56-a9b2-4499-b8d6-bce3ffb762eb,000000000900058327,0000190852,ED2,vsaphanaed201,0020743951,SAP HANA PLATFORM EDITION,"SAP HANA 1.0, platform edition",2021-06-30,Expired,0,0,0,0,1
7ee16d8b-9f03-44e5-a410-d874d494a795,000000000950009407,0000190852,BOD,SBO Enterprise 4.2 - BI Platform,0020743978,SBOP BI PLATFORM (ENTERPRISE),SAP BusinessObjects Business Intelligence platform 4.2,2022-12-31,Expired,0,0,0,0,1
52e1c66a-9ab8-4463-a1c1-f5a7ed8d52f4,000000000312173678,0000190852,ECP,ECC Production system - ABAP,0020743951,SAP ERP,SAP ERP 6.0,2025-12-31,Expired,0,0,0,0,1
0eab86dd-6687-4a33-8986-b49182bef341,000000000312173678,0000190852,ECP,ECC Production system - ABAP,0020743951,SAP NETWEAVER,SAP NetWeaver 7.4,2020-12-31,Expired,0,0,0,0,1
959f2f50-ba92-43c5-9805-475cec43e372,000000000312282911,0000190852,HRP,HR Production System,0020807372,SAP ERP,SAP ERP 6.0,2025-12-31,Expired,0,0,0,0,1
278f6522-2423-48fd-a038-a08225c768d2,000000000312282911,0000190852,HRP,HR Production System,0020807372,SAP NETWEAVER,SAP NetWeaver 7.5,2027-12-31,Expired,0,0,0,0,1
ed0c3e07-135f-4dfb-8aa8-c6c59c58ed9a,000000000800830091,0000190852,DFP,000000000800780229,0021084671,ABAP PLATFORM,Abap Platform 2022,2027-12-31,Expires in 12-24 Months,0,1,0,0,0
5547389d-47b7-4d92-985d-d39a0cf8aeb3,000000000800830091,0000190852,DFP,000000000800780229,0021084671,SAP S/4HANA,SAP S/4HANA 2022,2027-12-31,Expires in 12-24 Months,0,1,0,0,0
037cde91-3f24-4ebf-a5dc-e1649b37ee85,000000000800830091,0000190852,DFP,000000000800780229,0021084671,SAP S/4HANA FOUNDATION,"SAP S/4HANA Foundation 2022 - restricted use only, please see note 3143630.",2027-12-31,Expires in 12-24 Months,0,1,0,0,0
4947c205-0a91-4a42-ad56-0a47232b0b27,000000000312127982,0000190852,CRP,CRM Production System,0020767153,SAP CRM,SAP Customer Relationship Management 7.0 (Easy Adoption),2025-12-31,Expired,0,0,0,0,1
40de4f16-2cfa-43d6-bbed-c5254aa4e7da,000000000312127982,0000190852,CRP,CRM Production System,0020767153,SAP NETWEAVER,SAP NetWeaver 7.4,2020-12-31,Expired,0,0,0,0,1
3a7725b8-2034-4038-b5ee-e82cee328bd1,000000000950035180,0000190852,DAP,Digital Asset Management Production,0020743951,SAP DAM BY OPENTEXT,SAP Digital Asset Management 10.5 by OpenText,2020-03-31,Expired,0,0,0,0,1
c616b232-5e17-45a4-a7b0-4674b59d9e4f,000000000311996167,0000190852,SLP,SLD Production System,0020743977,SAP NETWEAVER,SAP NetWeaver 7.4,2020-12-31,Expired,0,0,0,0,1
a2a22b2e-3590-4af2-bca0-c2a3925dfa54,000000000311997012,0000190852,SMP,Dummy SMP (Use system with   800316405),0020743976,SAP SOLUTION MANAGER,SAP Solution Manager 7.2,2027-12-31,Expires in 12-24 Months,0,1,0,0,0
152abb76-608d-458c-a931-38a6457b1aa7,000000000312137625,0000190852,POP,Process Orchestration Production,0020776592,SAP NETWEAVER,SAP NetWeaver 7.5,2027-12-31,Expires in 12-24 Months,0,1,0,0,0
1f33e911-f8a9-4bf3-ba3b-baf40fef5b02,000000000312140548,0000190852,CRP,CRM HANA DB Production System,0020767153,SAP HANA PLATFORM EDITION,"SAP HANA 1.0, platform edition",2021-06-30,Expired,0,0,0,0,1
ab250a72-06ee-47c9-8bc2-2c3578283fb8,000000000312141390,0000190852,EPP,Enterprise Portals Production System,0020778103,SAP NETWEAVER,SAP NetWeaver 7.4,2020-12-31,Expired,0,0,0,0,1
48cdc122-f28e-4305-971a-1d7bfc56dbc1,000000000312143683,0000190852,IDP,IDM Identity Management Prod,0020778103,SAP NETWEAVER,SAP NetWeaver 7.5,2027-12-31,Expires in 12-24 Months,0,1,0,0,0
d95f2f51-c915-4bfb-a1c2-624353a4f376,000000000312148217,0000190852,GRP,GRC Production System,0020777180,SAP NETWEAVER,SAP NetWeaver 7.5,2027-12-31,Expires in 12-24 Months,0,1,0,0,0
982334b7-869b-47b5-a035-de57093ad19b,000000000312153588,0000190852,BWP,BWP HANA Database,0020743977,SAP HANA PLATFORM EDITION,SAP HANA platform edition 2.0,2028-11-30,Expires in 24-36 Months,0,0,1,0,0
2e2cc1c9-a513-470a-8e88-ab23773cc138,000000000312156115,0000190852,ECP,ECC HANA DB server,0020743951,SAP HANA PLATFORM EDITION,SAP HANA platform edition 2.0,2028-11-30,Expires in 24-36 Months,0,0,1,0,0
cec5878d-8754-45d4-aedc-123e8a2f6074,000000000312168800,0000190852,CPP,Redwood Production System,0020743977,SAP NETWEAVER,SAP NetWeaver 7.4,2020-12-31,Expired,0,0,0,0,1
f9e8ad2d-3c78-4027-8d7e-890ed2cc2083,000000000312193362,0000190852,BJP,BW Production Portal,0020743977,SAP NETWEAVER,SAP NetWeaver 7.4,2020-12-31,Expired,0,0,0,0,1
f3ee8afa-a4b2-4ad3-b7ff-1f83d26fb553,000000000312193388,0000190852,BWP,NW 7.5  Production,0020743977,SAP NETWEAVER,SAP NetWeaver 7.5,2027-12-31,Expires in 12-24 Months,0,1,0,0,0
ed4608d1-b921-46d4-aaea-bc823dafd23f,000000000312194664,0000190852,BOP,BOP SBO BOE 4.1 Production system,0020743978,SBOP BI PLATFORM (ENTERPRISE),SAP BusinessObjects Business Intelligence platform 4.1 (formerly SBOP Enterprise),2018-12-31,Expired,0,0,0,0,1
0ab4ad79-d8dd-4d88-a319-2aa3cbecec11,000000000312194665,0000190852,BOP,BOP SBO BOE 4.1 Production system,0020743978,SBOP BI PLATFORM (ENTERPRISE),SAP BusinessObjects Business Intelligence platform 4.1 (formerly SBOP Enterprise),2018-12-31,Expired,0,0,0,0,1
f370af6a-0488-4c97-8772-c60e33ee05a3,000000000312194666,0000190852,BOP,BOP SBO BOE 4.1 Production system,0020743978,SBOP BI PLATFORM (ENTERPRISE),SAP BusinessObjects Business Intelligence platform 4.1 (formerly SBOP Enterprise),2018-12-31,Expired,0,0,0,0,1
6546ce51-5327-4b82-8bc9-214b69dd8683,000000000312194667,0000190852,BOP,BOP SBO BOE 4.1 Production system,0020743978,SBOP BI PLATFORM (ENTERPRISE),SAP BusinessObjects Business Intelligence platform 4.1 (formerly SBOP Enterprise),2018-12-31,Expired,0,0,0,0,1
79e53009-0738-4b57-8e07-a189e91f9dec,000000000312194668,0000190852,BOP,BOP SBO BOE 4.1 Production sys,0020743978,SBOP BI PLATFORM (ENTERPRISE),SAP BusinessObjects Business Intelligence platform 4.1 (formerly SBOP Enterprise),2018-12-31,Expired,0,0,0,0,1
068bb239-d884-455e-8147-0e27b79210ab,000000000312194669,0000190852,BOP,BOP SBO BOE 4.1 Production system,0020743978,SBOP BI PLATFORM (ENTERPRISE),SAP BusinessObjects Business Intelligence platform 4.1 (formerly SBOP Enterprise),2018-12-31,Expired,0,0,0,0,1
fef9dafa-0120-4c32-87ea-7b96edc3abc8,000000000312194671,0000190852,BOP,BOP SBO BOE 4.1 Production system,0020743978,SBOP BI PLATFORM (ENTERPRISE),SAP BusinessObjects Business Intelligence platform 4.1 (formerly SBOP Enterprise),2018-12-31,Expired,0,0,0,0,1
289fcc3b-3b17-4cfd-ab8f-cd40febf7723,000000000312194672,0000190852,BOP,BOP SBO BOE 4.1 Production system,0020743978,SBOP BI PLATFORM (ENTERPRISE),SAP BusinessObjects Business Intelligence platform 4.1 (formerly SBOP Enterprise),2018-12-31,Expired,0,0,0,0,1
5b0ec432-d3ba-4efe-8126-c5fe694c7304,000000000312194673,0000190852,BOP,BOP SBO BOE 4.1 Production system,0020743978,SBOP BI PLATFORM (ENTERPRISE),SAP BusinessObjects Business Intelligence platform 4.1 (formerly SBOP Enterprise),2018-12-31,Expired,0,0,0,0,1
67424d16-c98a-4931-aa56-216508592e77,000000000312194674,0000190852,BOP,BOP SBO BOE 4.1 Production system,0020743978,SBOP BI PLATFORM (ENTERPRISE),SAP BusinessObjects Business Intelligence platform 4.1 (formerly SBOP Enterprise),2018-12-31,Expired,0,0,0,0,1
772296f3-1fb9-4055-8968-3a357eaa2ba8,000000000312194675,0000190852,BOP,BOP SBO BOE 4.1 Production system,0020743978,SBOP BI PLATFORM (ENTERPRISE),SAP BusinessObjects Business Intelligence platform 4.1 (formerly SBOP Enterprise),2018-12-31,Expired,0,0,0,0,1
80ecbc53-9e96-4be2-9533-ece6b2f6b876,000000000312194677,0000190852,BOP,BOP SBO BOE 4.2 Production sys,0020743978,SBOP BI PLATFORM (ENTERPRISE),SAP BusinessObjects Business Intelligence platform 4.2,2022-12-31,Expired,0,0,0,0,1
f29d3386-0ef2-448f-91b8-ceb3da1297ef,000000000312263963,0000190852,HRP,asapdbhrp00,0020807372,SAP HANA PLATFORM EDITION,"SAP HANA 1.0, platform edition",2021-06-30,Expired,0,0,0,0,1
f6ee1388-b853-4384-adf3-341e92dc4a4f,000000000312319451,0000190852,NGP,Gateway Production System,0020743977,AS ABAP FOR S/4HANA FRONTEND,NetWeaver Application Server ABAP for S/4HANA on Premise 1709 Frontend Server,2027-12-31,Expires in 12-24 Months,0,1,0,0,0
a46344e7-4459-4ac8-96fd-28c72f8c2b6b,000000000312598417,0000190852,ICP,ICP identity Management Production,0020778103,SAP NETWEAVER,SAP NetWeaver 7.4,2020-12-31,Expired,0,0,0,0,1
8d035c91-a3eb-4635-b760-0433456560c8,000000000312600308,0000190852,DCP,DCP Identity Management Production,0020778103,SAP NETWEAVER,SAP NetWeaver 7.4,2020-12-31,Expired,0,0,0,0,1
e4fc534f-6bc6-4007-9b93-a2b327701d01,000000000800314194,0000190852,IP2,vsapip201,0020778103,SAP NETWEAVER,SAP NetWeaver 7.5,2027-12-31,Expires in 12-24 Months,0,1,0,0,0
81a86273-0fa2-4605-9cea-2b42c80d30f7,000000000800316405,0000190852,SMP,SAP Solution Manager Production 7.2,0020743976,SAP SOLUTION MANAGER,SAP Solution Manager 7.2,2027-12-31,Expires in 12-24 Months,0,1,0,0,0
5ccb3f3a-ea6d-478e-99c2-85cb15475e03,000000000800324121,0000190852,SJP,Solution Manager Production JAVA,0020743976,SAP NETWEAVER,SAP NetWeaver 7.5,2027-12-31,Expires in 12-24 Months,0,1,0,0,0
578d7b57-07cf-4577-b52d-12cd693914d2,000000000800324121,0000190852,SJP,Solution Manager Production JAVA,0020743976,SAP SOLUTION MANAGER,SAP Solution Manager 7.2,2027-12-31,Expires in 12-24 Months,0,1,0,0,0
1d4a1ef1-81f3-48be-ab7a-842f48470996,000000000800690947,0000190852,SOP,Solution Manager Production System,0020743976,SAP SOLUTION MANAGER,SAP Solution Manager 7.2,2027-12-31,Expires in 12-24 Months,0,1,0,0,0
c01c446e-5162-426d-a780-d0b25e9e0837,000000000800692157,0000190852,JSP,Solution Manager JAVA Production System,0020743976,SAP SOLUTION MANAGER,SAP Solution Manager 7.2,2027-12-31,Expires in 12-24 Months,0,1,0,0,0
1cbf64a3-cade-4830-a583-4a1511269300,000000000800698448,0000190852,BOP,BI 4.3 AWS PRODUCTION SYSTEM,0020904060,SBOP BI PLATFORM (ENTERPRISE),SAP BusinessObjects Business Intelligence platform 4.3,2026-12-31,Expires in 0-12 Months,1,0,0,0,0
f0dade96-dd5b-4078-a7f3-af4c9eb7c9f1,000000000800702961,0000190852,LMP,SAP Landscape Management,0020743977,SAP NETWEAVER,SAP NetWeaver 7.5,2027-12-31,Expires in 12-24 Months,0,1,0,0,0
00bc2999-9dc1-4165-8f73-b19d35c83ace,000000000800790437,0000190852,PIP,Process Orchestration Production System,0020776592,SAP NETWEAVER,SAP NetWeaver 7.5,2027-12-31,Expires in 12-24 Months,0,1,0,0,0
2cc6b616-8591-49d6-86f0-6accf0eedcbe,000000000800793031,0000190852,NWP,AWS PO Production System,0020743977,SAP HANA PLATFORM EDITION,SAP HANA platform edition 2.0,2028-11-30,Expires in 24-36 Months,0,0,1,0,0
941578df-cd61-4bf2-b8dd-46e7956ed59a,000000000850018445,0000190852,TPP,Transportation Management Production,0020743977,SAP NETWEAVER,SAP NetWeaver 7.4,2020-12-31,Expired,0,0,0,0,1
c97c4aed-a091-4834-a8d2-cab82e55af21,000000000850058106,0000190852,BP2,N+1 BOE 4.1 Production Environment,0020743978,SBOP BI PLATFORM (ENTERPRISE),SAP BusinessObjects Business Intelligence platform 4.1 (formerly SBOP Enterprise),2018-12-31,Expired,0,0,0,0,1
cebd8bcd-8f33-4b90-baf2-226c81e87a00,000000000850477951,0000190852,CPP,Redwood Cronacle Production System,0020743977,SAP NETWEAVER,SAP NetWeaver 7.5,2027-12-31,Expires in 12-24 Months,0,1,0,0,0
956e6bb6-efc4-417a-a1a2-7c14b5c1850b,000000000850610161,0000190852,CKP,HANA Cockpit,0020743951,SAP HANA PLATFORM EDITION,SAP HANA platform edition 2.0,2028-11-30,Expires in 24-36 Months,0,0,1,0,0
e9f6d7f0-c82c-4da3-913b-84c50e8a268d,000000000850623278,0000190852,ABP,ADS Production System,0020743977,SAP NETWEAVER,SAP NetWeaver 7.5,2027-12-31,Expires in 12-24 Months,0,1,0,0,0
bf324dd4-695e-4b93-863c-3181c48eafe6,000000000850673755,0000190852,SDP,asapcssdp01.loves.com,0020743977,SAP NETWEAVER,SAP NetWeaver 7.5,2027-12-31,Expires in 12-24 Months,0,1,0,0,0
efb655d2-6cbc-4d47-a5d3-da6f75e592cf,000000000850684423,0000190852,CRE,Crystal Reports for Enterprise,0020904060,CRYSTAL REPORTS,SAP Crystal Reports 2020,2026-12-31,Expires in 0-12 Months,1,0,0,0,0
f927f7f7-c4f5-406c-9933-3afbc6b5b07c,000000000850762090,0000190852,DFP,DEF Production Database,0021084671,SAP HANA PLATFORM EDITION,SAP HANA platform edition 2.0,2028-11-30,Expires in 24-36 Months,0,0,1,0,0
2a39cbef-9e50-42a8-8dd0-5b5fa2a6c143,000000000850862818,0000190852,LMP,LAMA,0020743977,SAP NETWEAVER,SAP NetWeaver 7.5,2027-12-31,Expires in 12-24 Months,0,1,0,0,0
34181fe2-3a30-4796-a5c8-45d4e29c48a4,000000000850862821,0000190852,LMP,LAMA Database,0020743977,SAP HANA PLATFORM EDITION,SAP HANA platform edition 2.0,2028-11-30,Expires in 24-36 Months,0,0,1,0,0
3eb1c7c8-8769-4b12-98d2-fed68e537ee6,000000000850879840,0000190852,LTP,SLT Production System,0020743977,NW AS ABAP INNOVATION PACKAGE,NetWeaver Application Server for ABAP 7.52,2027-12-31,Expires in 12-24 Months,0,1,0,0,0
7d2def40-8d3f-4104-9504-152fb67e0a6a,000000000850879841,0000190852,LTP,LTP HANA Database,0020743977,SAP HANA PLATFORM EDITION,SAP HANA platform edition 2.0,2028-11-30,Expires in 24-36 Months,0,0,1,0,0
227813e5-3736-475e-b6aa-32a800460eda,000000000850894271,0000190852,TPP,TPP Productiion HANA,0020743977,SAP HANA PLATFORM EDITION,SAP HANA platform edition 2.0,2028-11-30,Expires in 24-36 Months,0,0,1,0,0
f130b53c-1377-4752-8870-7fddbfc8582f,000000000850895772,0000190852,TPP,TM Production,0020743977,SAP NETWEAVER,SAP NetWeaver 7.5,2027-12-31,Expires in 12-24 Months,0,1,0,0,0
ce2a876c-8117-435e-a2d9-252698a00bbf,000000000950018565,0000190852,MOP,ASE Production System,0020743979,SAP ADAPTIVE SERVER ENTERPRISE,Sybase Adaptive Server Enterprise 15.7,2020-12-31,Expired,0,0,0,0,1
