id,systemNumber,customerId,systemId,systemName,installationNo,systemRole,solutionArea,subSolutionArea,product,productId,productVersion,productCategory,osType,osVersion,database
b4b6744e-805a-4770-b920-04e082108668,000000000312862995,0000190852,ACQ,Generated system for acquisitions,0020995650,Non-Productive,,,,,,Others,,,
5162bdfe-2c9c-4583-8c07-744edb9c7e2c,000000000312117614,0000190852,ECD,ECC Development System,0020743951,Non-Productive,Cloud ERP Private,Cloud ERP Private,SAP ERP,01200615320800000659,SAP ERP 6.0,Enterprise Management,LINUX_X86_64,RHEL7,HDB
623c7d17-dae4-4074-bb78-94c74fb03765,000000000312117614,0000190852,ECD,ECC Development System,0020743951,Non-Productive,Cloud ERP Private,Cloud ERP Private,SAP NETWEAVER,01200314690800000134,SAP NetWeaver 7.4,Technology Platform,LINUX_X86_64,RHEL7,HDB
13d022bd-af2a-4e23-ac34-8d01d20576fa,000000000312117654,0000190852,ECX,ECC Sandbox system,0020743951,Non-Productive,Cloud ERP Private,Cloud ERP Private,SAP ERP,01200615320800000659,SAP ERP 6.0,Enterprise Management,LINUX_X86_64,RHEL7,HDB
b28f8d51-18b3-431a-a83f-ec7eb58c026f,000000000312117654,0000190852,ECX,ECC Sandbox system,0020743951,Non-Productive,Cloud ERP Private,Cloud ERP Private,SAP NETWEAVER,01200314690800000134,SAP NetWeaver 7.4,Technology Platform,LINUX_X86_64,RHEL7,HDB
611ee545-bca2-4b45-b7b8-a2431c0c4ba5,000000000312149933,0000190852,ECQ,ECQ - ECC QA,0020743951,Non-Productive,Cloud ERP Private,Cloud ERP Private,SAP ERP,01200615320800000659,SAP ERP 6.0,Enterprise Management,LINUX,RHEL7,HDB
b16d1bf9-506d-4b37-87f6-c581863b1592,000000000312149933,0000190852,ECQ,ECQ - ECC QA,0020743951,Non-Productive,Cloud ERP Private,Cloud ERP Private,SAP NETWEAVER,01200314690800000134,SAP NetWeaver 7.4,Technology Platform,LINUX,RHEL7,HDB
76b46074-441a-4bc3-9a35-0e880454684a,000000000312174659,0000190852,HRX,HR Sandbox System (OLD),0020807372,Non-Productive,Cloud ERP Private,Cloud ERP Private,SAP ERP,01200615320800000659,SAP ERP 6.0,Enterprise Management,Windows NT,6.1,Microsoft
0d50645a-2d22-428c-ab4d-884c7e1387ae,000000000312174659,0000190852,HRX,HR Sandbox System (OLD),0020807372,Non-Productive,Cloud ERP Private,Cloud ERP Private,SAP NETWEAVER,01200314690800000134,SAP NetWeaver 7.4,Technology Platform,Windows NT,6.1,Microsoft
5794cff3-9113-4f88-983b-24b6fd204ace,000000000312213071,0000190852,HRD,HRD - HR Development System,0020807372,Non-Productive,Cloud ERP Private,Cloud ERP Private,SAP ERP,01200615320800000659,SAP ERP 6.0,Enterprise Management,LINUX_X86_64,RHEL7,HDB
4953522e-646f-4413-bade-53c7c061fe61,000000000312213071,0000190852,HRD,HRD - HR Development System,0020807372,Non-Productive,Cloud ERP Private,Cloud ERP Private,SAP NETWEAVER,01200314690800000134,SAP NetWeaver 7.5,Technology Platform,LINUX_X86_64,RHEL7,HDB
4cb2b09d-9105-43a2-a463-f428e0221332,000000000312224088,0000190852,HRQ,HR Quality Assurance System,0020807372,Non-Productive,Cloud ERP Private,Cloud ERP Private,SAP ERP,01200615320800000659,SAP ERP 6.0,Enterprise Management,,,HDB
d18eb523-360b-4f09-ab27-a72f262d49c9,000000000312224088,0000190852,HRQ,HR Quality Assurance System,0020807372,Non-Productive,Cloud ERP Private,Cloud ERP Private,SAP NETWEAVER,01200314690800000134,SAP NetWeaver 7.5,Technology Platform,,,HDB
c6d7e426-309a-4838-8d19-354ae9e0a968,000000000312236548,0000190852,HRX,HR Sandbox System,0020807372,Non-Productive,Cloud ERP Private,Cloud ERP Private,SAP ERP,01200615320800000659,SAP ERP 6.0,Enterprise Management,LINUX_X86_64,RHEL7,HDB
1d62841d-0a38-4ad3-bd42-b00f51be0bcc,000000000312236548,0000190852,HRX,HR Sandbox System,0020807372,Non-Productive,Cloud ERP Private,Cloud ERP Private,SAP NETWEAVER,01200314690800000134,SAP NetWeaver 7.5,Technology Platform,LINUX_X86_64,RHEL7,HDB
06a753fe-8b38-4661-a2e6-3a276ab4cdec,000000000312524058,0000190852,ECQ,DO NOT USE,0020743951,Non-Productive,Cloud ERP Private,Cloud ERP Private,SAP ERP,01200615320800000659,SAP ERP 6.0,Enterprise Management,LINUX,11.0,HDB
24aa955a-c2a5-4c7f-a466-631ef926ee43,000000000312538431,0000190852,EQ2,vsapeq200,0020743951,Non-Productive,Cloud ERP Private,Cloud ERP Private,SAP ERP,01200615320800000659,SAP ERP 6.0,Enterprise Management,,,HDB
e6739d1b-1d80-420b-896a-579dc6ee061d,000000000312538431,0000190852,EQ2,vsapeq200,0020743951,Non-Productive,Cloud ERP Private,Cloud ERP Private,SAP NETWEAVER,01200314690800000134,SAP NetWeaver 7.4,Technology Platform,,,HDB
38d721ff-e4e6-4753-abec-ebda7663cfd6,000000000312575868,0000190852,ECS,ECC Staging System,0020743951,Non-Productive,Cloud ERP Private,Cloud ERP Private,SAP ERP,01200615320800000659,SAP ERP 6.0,Enterprise Management,LINUX_X86_64,RHEL7,HDB
82553e0a-c5a9-45f6-878c-0db0e0873162,000000000312575868,0000190852,ECS,ECC Staging System,0020743951,Non-Productive,Cloud ERP Private,Cloud ERP Private,SAP NETWEAVER,01200314690800000134,SAP NetWeaver 7.4,Technology Platform,LINUX_X86_64,RHEL7,HDB
ef6a7138-8235-45a6-9c16-a1a1149b264f,000000000312667035,0000190852,EC1,EC1 Staging System,0020743951,Non-Productive,Cloud ERP Private,Cloud ERP Private,SAP ERP,01200615320800000659,SAP ERP 6.0,Enterprise Management,LINUX_X86_64,SLES11,HDB
71257862-3512-451b-b6cc-355139b6c694,000000000312667035,0000190852,EC1,EC1 Staging System,0020743951,Non-Productive,Cloud ERP Private,Cloud ERP Private,SAP NETWEAVER,01200314690800000134,SAP NetWeaver 7.4,Technology Platform,LINUX_X86_64,SLES11,HDB
e1904b87-aef0-4dd0-a064-8edff446546c,000000000800070385,0000190852,ED2,vsaped201,0020743951,Non-Productive,Cloud ERP Private,Cloud ERP Private,SAP ERP,01200615320800000659,SAP ERP 6.0,Enterprise Management,NT/INTEL,,HDB
cecd61cf-cf7d-4e1b-b29e-fb7da0bfa030,000000000800070385,0000190852,ED2,vsaped201,0020743951,Non-Productive,Cloud ERP Private,Cloud ERP Private,SAP NETWEAVER,01200314690800000134,SAP NetWeaver 7.4,Technology Platform,NT/INTEL,,HDB
5c2e29df-cd11-4bb4-a02d-c47967678f4e,000000000800159590,0000190852,XA1,XA1 - Sys copy staging,0020743951,Non-Productive,Cloud ERP Private,Cloud ERP Private,SAP ERP,01200615320800000659,SAP ERP 6.0,Enterprise Management,,,HDB
4d4fcb30-bbd2-4bd3-833f-155a96bac73c,000000000800159590,0000190852,XA1,XA1 - Sys copy staging,0020743951,Non-Productive,Cloud ERP Private,Cloud ERP Private,SAP NETWEAVER,01200314690800000134,SAP NetWeaver 7.4,Technology Platform,,,HDB
bcd01c13-f9d9-41b5-9692-a5c5ec99fa8f,000000000800780229,0000190852,DFD,DEF - S/4 HANA Development System,0021084671,Non-Productive,Cloud ERP Private,Cloud ERP Private,ABAP PLATFORM,73554900100800001562,Abap Platform 2022,Technology Platform,LINUX,,HDB
84b41ae8-3644-4e30-8522-7bf6afc4773a,000000000800780229,0000190852,DFD,DEF - S/4 HANA Development System,0021084671,Non-Productive,Cloud ERP Private,Cloud ERP Private,SAP S/4HANA,73554900100800000266,SAP S/4HANA 2022,Enterprise Management,LINUX,,HDB
fe3da7d7-e1a8-48af-8223-7ce381988180,000000000800780229,0000190852,DFD,DEF - S/4 HANA Development System,0021084671,Non-Productive,Cloud ERP Private,Cloud ERP Private,SAP S/4HANA FOUNDATION,73555000100800001207,"SAP S/4HANA Foundation 2022 - restricted use only, please see note 3143630.",Enterprise Management,LINUX,,HDB
4935d57b-a820-4de2-9880-77d7bfe30d07,000000000850349196,0000190852,ECM,Mock System for the Migration simulation,0020743951,Non-Productive,Cloud ERP Private,Cloud ERP Private,SAP ERP,01200615320800000659,SAP ERP 6.0,Enterprise Management,LINUX_X86_64,SLES11,HDB
30ff6d57-928b-4849-a8bd-27c31383dd02,000000000850349196,0000190852,ECM,Mock System for the Migration simulation,0020743951,Non-Productive,Cloud ERP Private,Cloud ERP Private,SAP NETWEAVER,01200314690800000134,SAP NetWeaver 7.4,Technology Platform,LINUX_X86_64,SLES11,HDB
4d9386df-50a9-4b7d-a243-96beda81a036,000000000850402579,0000190852,HRX,HR Sandbox 7.5 System,0020807372,Non-Productive,Cloud ERP Private,Cloud ERP Private,SAP ERP,01200615320800000659,SAP ERP 6.0,Enterprise Management,LINUX,RHEL7,HDB
92bb4f04-f57e-4a5f-ae1a-0e78fa5d8027,000000000850402579,0000190852,HRX,HR Sandbox 7.5 System,0020807372,Non-Productive,Cloud ERP Private,Cloud ERP Private,SAP NETWEAVER,01200314690800000134,SAP NetWeaver 7.5,Technology Platform,LINUX,RHEL7,HDB
a2f6f6dd-2972-4c79-a2c7-a3945f09ec8d,000000000850404953,0000190852,ECT,Training System for ECT,0020743951,Non-Productive,Cloud ERP Private,Cloud ERP Private,SAP ERP,01200615320800000659,SAP ERP 6.0,Enterprise Management,LINUX_X86_64,SLES12,HDB
6294efe7-238f-460a-88fa-6c09903973aa,000000000850404953,0000190852,ECT,Training System for ECT,0020743951,Non-Productive,Cloud ERP Private,Cloud ERP Private,SAP NETWEAVER,01200314690800000134,SAP NetWeaver 7.4,Technology Platform,LINUX_X86_64,SLES12,HDB
21703b6e-b1c0-4d97-9b72-5eeff02a6ac4,000000000850468514,0000190852,EQ3,SAP Truck Care Quality System,0020743951,Non-Productive,Cloud ERP Private,Cloud ERP Private,SAP ERP,01200615320800000659,SAP ERP 6.0,Enterprise Management,LINUX,,HDB
9cc3a0a0-2294-41fd-99bf-89baf15ca2b5,000000000850468514,0000190852,EQ3,SAP Truck Care Quality System,0020743951,Non-Productive,Cloud ERP Private,Cloud ERP Private,SAP NETWEAVER,01200314690800000134,SAP NetWeaver 7.4,Technology Platform,LINUX,,HDB
57e40921-2aa9-407a-aa70-3d6e419c2a26,000000000850749503,0000190852,DFQ,DEF - S/4 HANA QA,0021084671,Non-Productive,Cloud ERP Private,Cloud ERP Private,ABAP PLATFORM,73554900100800001562,Abap Platform 2022,Technology Platform,LINUX,,HDB
f5afcc42-18b1-4fb2-a549-9013c796dd5b,000000000850749503,0000190852,DFQ,DEF - S/4 HANA QA,0021084671,Non-Productive,Cloud ERP Private,Cloud ERP Private,SAP S/4HANA,73554900100800000266,SAP S/4HANA 2022,Enterprise Management,LINUX,,HDB
084807e4-82ab-489e-a2fc-ee2dfc1fb8b7,000000000850749503,0000190852,DFQ,DEF - S/4 HANA QA,0021084671,Non-Productive,Cloud ERP Private,Cloud ERP Private,SAP S/4HANA FOUNDATION,73555000100800001207,"SAP S/4HANA Foundation 2022 - restricted use only, please see note 3143630.",Enterprise Management,LINUX,,HDB
ded0c18e-fe7f-402f-9938-65ab03a87dc2,000000000850765959,0000190852,DFS,DEF - S/4 HANA Stage,0021084671,Non-Productive,Cloud ERP Private,Cloud ERP Private,ABAP PLATFORM,73554900100800001562,Abap Platform 2022,Technology Platform,LINUX,,HDB
d6e915e3-58cc-43f9-8dc7-d45e564c3ee6,000000000850765959,0000190852,DFS,DEF - S/4 HANA Stage,0021084671,Non-Productive,Cloud ERP Private,Cloud ERP Private,SAP S/4HANA,73554900100800000266,SAP S/4HANA 2022,Enterprise Management,LINUX,,HDB
c2643da4-12c3-42b6-97e6-9c2e170dc642,000000000850765959,0000190852,DFS,DEF - S/4 HANA Stage,0021084671,Non-Productive,Cloud ERP Private,Cloud ERP Private,SAP S/4HANA FOUNDATION,73555000100800001207,"SAP S/4HANA Foundation 2022 - restricted use only, please see note 3143630.",Enterprise Management,LINUX,,HDB
5c8c1b84-1b3b-4b1a-9fd5-718f9ce4f2b3,000000000850793577,0000190852,FRD,Focused Run Dev,0021084671,Non-Productive,Cloud ERP Private,Cloud ERP Private,ABAP PLATFORM,73554900100800001562,ABAP Platform 2020,Technology Platform,,,HDB
dc32102c-ebe7-4356-8d8a-07fc778d97fc,000000000850793577,0000190852,FRD,Focused Run Dev,0021084671,Non-Productive,Cloud ERP Private,Cloud ERP Private,SAP S/4HANA FOUNDATION,73555000100800001207,"SAP S/4HANA Foundation 2020 - restricted use only, please see note 2912919.",Enterprise Management,,,HDB
1510b3fb-315e-467b-9cc8-1959cba86871,000000000850837150,0000190852,DFX,DEF - Sandbox,0021084671,Non-Productive,Cloud ERP Private,Cloud ERP Private,SAP S/4HANA,73554900100800000266,SAP S/4HANA 2022,Enterprise Management,LINUX,,HDB
970453a0-c46f-44fc-968c-0bc07ecb365f,000000000312111858,0000190852,CRD,CRM Development System,0020767153,Non-Productive,Customer Experience,Sales and Service,SAP CRM,01200615320800000556,SAP Customer Relationship Management 7.0 (Easy Adoption),Customer Relationship Management,LINUX_X86_64,SLES11,HDB
01551f21-82c7-49bd-90cc-4b1248f4bbe4,000000000312111858,0000190852,CRD,CRM Development System,0020767153,Non-Productive,Customer Experience,Sales and Service,SAP NETWEAVER,01200314690800000134,SAP NetWeaver 7.4,Technology Platform,LINUX_X86_64,SLES11,HDB
e2002cad-a219-4fa6-91c2-e67efc40962b,000000000312115904,0000190852,CRQ,CRM HANA Quality Assurance System,0020767153,Non-Productive,Customer Experience,Sales and Service,SAP CRM,01200615320800000556,SAP Customer Relationship Management 7.0 (Easy Adoption),Customer Relationship Management,LINUX_X86_64,SLES11,HDB
4c742ba8-d5c3-477d-a5cf-d2f9ccb371bd,000000000312115904,0000190852,CRQ,CRM HANA Quality Assurance System,0020767153,Non-Productive,Customer Experience,Sales and Service,SAP NETWEAVER,01200314690800000134,SAP NetWeaver 7.4,Technology Platform,LINUX_X86_64,SLES11,HDB
f1c7ed77-6567-4973-b22c-528551e737a3,000000000312134350,0000190852,CRX,CRM Sandbox System,0020767153,Non-Productive,Customer Experience,Sales and Service,SAP CRM,01200615320800000556,SAP Customer Relationship Management 7.0 (Easy Adoption),Customer Relationship Management,LINUX_X86_64,3.0.101-10,HDB
8ba5d00f-d59d-4943-8b2b-857d3f581e06,000000000312134350,0000190852,CRX,CRM Sandbox System,0020767153,Non-Productive,Customer Experience,Sales and Service,SAP NETWEAVER,01200314690800000134,SAP NetWeaver 7.4,Technology Platform,LINUX_X86_64,3.0.101-10,HDB
1cf02880-764f-4f59-ae0c-db6dd9a8e62a,000000000950035181,0000190852,DAQ,Digital Asset Management Quality Assuran,0020743951,Non-Productive,Customer Experience,Commerce,SAP DAM BY OPENTEXT,01200314690800001388,SAP Digital Asset Management 10.5 by OpenText,Customer Relationship Management,WIN 2012,,MSSQLSRV
5ec53ee1-7246-4c27-9a1e-e426bc4fe542,000000000950035182,0000190852,DAD,Digital Asset Management Development,0020743951,Non-Productive,Customer Experience,Commerce,SAP DAM BY OPENTEXT,01200314690800001388,SAP Digital Asset Management 10.5 by OpenText,Customer Relationship Management,,,MSSQLSRV
87101e8c-cf03-43a3-8774-8377f7d60c66,000000000311949355,0000190852,SLD,System Landscape Directory,0020743977,Non-Productive,Data & AI,Data & Analytics Private,SAP NETWEAVER,01200314690800000134,SAP NetWeaver 7.4,Technology Platform,WINDOWS_X86_,6.1,Microsoft
d12f8a91-7e98-44fa-9794-3f670162b2d7,000000000311959289,0000190852,SMD,SMD (Old 7.1 - do NOT use),0020743976,Non-Productive,Data & AI,Data & Analytics Private,SAP NETWEAVER,01200314690800000134,SAP enhancement package 2 for SAP NetWeaver 7.0,Technology Platform,Windows NT,6.1,MSSQLSRV
de8ce319-f8f0-4251-b92a-fa7ec2c067b5,000000000311959289,0000190852,SMD,SMD (Old 7.1 - do NOT use),0020743976,Non-Productive,Data & AI,Data & Analytics Private,SAP SOLUTION MANAGER,01200615320800000636,SAP Solution Manager 7.1,Technology Platform,Windows NT,6.1,MSSQLSRV
a1252c45-a3e8-4f76-93ac-76e01627e4dd,000000000311970191,0000190852,DSD,Data Services Development,0020743978,Non-Productive,Data & AI,Data & Analytics Private,SAP DATA SERVICES,01200314690800000395,SAP Data Services 4.2,Technology Platform,NT/INTEL,,
d5f88508-b75b-4a3b-ab80-cf4ad6294e28,000000000311971151,0000190852,ISD,Information Steward - Development,0020743978,Non-Productive,Data & AI,Data & Analytics Private,SAP INFORMATION STEWARD,01200314690800001657,SAP Information Steward 4.1,Technology Platform,NT/INTEL,,
2198c802-708e-4c9b-8c22-22b4381856a9,000000000311991429,0000190852,GRD,GRC Development System,0020777180,Non-Productive,Data & AI,Data & Analytics Private,NW AS ABAP INNOVATION PACKAGE,73555000100800000331,NetWeaver Application Server for ABAP 7.52,Technology Platform,LINUX_X86_64,,SYBASE
9a9ddc2d-bc32-47d5-be71-584a7dcbdd45,000000000311991429,0000190852,GRD,GRC Development System,0020777180,Non-Productive,Data & AI,Data & Analytics Private,SAP NETWEAVER,01200314690800000134,SAP NetWeaver 7.5,Technology Platform,LINUX_X86_64,,SYBASE
ca6db7ce-39b4-4066-9f90-e96f9df393b4,000000000311993287,0000190852,LVX,LVX - LVM Sandbox,0020743977,Non-Productive,Data & AI,Data & Analytics Private,SAP NETWEAVER,01200314690800000134,SAP NetWeaver 7.4,Technology Platform,Windows Serv,6.1,Microsoft
256ac20b-75bb-422d-9117-36a34cc7fd02,000000000311994596,0000190852,EPD,Netweaver Enterprise Portals Development,0020778103,Non-Productive,Data & AI,Data & Analytics Private,SAP NETWEAVER,01200314690800000134,SAP NetWeaver 7.4,Technology Platform,Windows Serv,6.1,MSSQLSRV
2778b9d1-562a-4350-9fd9-9f16e11f2fac,000000000312107393,0000190852,CRX,CRX - HANA DB Sandbox,0020767153,Non-Productive,Data & AI,Data & Analytics Private,SAP HANA PLATFORM EDITION,01200314690800001945,"SAP HANA 1.0, platform edition",Technology Platform,LINUX,11.0,
f51d6449-bbde-482d-a9ca-f9a3bc46357d,000000000312111486,0000190852,BWD,BW 7.5 Development,0020743977,Non-Productive,Data & AI,Data & Analytics Private,SAP NETWEAVER,01200314690800000134,SAP NetWeaver 7.5,Technology Platform,LINUX_X86_64,RHEL7,HDB
56077975-66a3-484e-ae57-f000fa762c22,000000000312112032,0000190852,CRD,CRM HANA Development System,0020767153,Non-Productive,Data & AI,Data & Analytics Private,SAP HANA PLATFORM EDITION,01200314690800001945,"SAP HANA 1.0, platform edition",Technology Platform,LINUX,11.0,
21d25d88-e731-4990-b259-216e6183700d,000000000312113781,0000190852,BWD,BWD HANA database,0020743977,Non-Productive,Data & AI,Data & Analytics Private,SAP HANA PLATFORM EDITION,01200314690800001945,SAP HANA platform edition 2.0,Technology Platform,LINUX,11.0,
b6aeba5d-9a7f-403c-9c9b-dfb347a227de,000000000312114505,0000190852,BWX,BW 7.5 Sandbox Linux,0020743977,Non-Productive,Data & AI,Data & Analytics Private,SAP NETWEAVER,01200314690800000134,SAP NetWeaver 7.5,Technology Platform,LINUX_X86_64,RHEL7,HDB
c01ef9fc-c0c9-47fc-9dd4-82c2e131b1b9,000000000312114507,0000190852,BWQ,NW 7.5 Test System,0020743977,Non-Productive,Data & AI,Data & Analytics Private,SAP NETWEAVER,01200314690800000134,SAP NetWeaver 7.5,Technology Platform,LINUX_X86_64,RHEL7,HDB
45659237-adbb-463c-a2d9-bdd93f269521,000000000312114514,0000190852,BWQ,BWQ HANA databse,0020743977,Non-Productive,Data & AI,Data & Analytics Private,SAP HANA PLATFORM EDITION,01200314690800001945,SAP HANA platform edition 2.0,Technology Platform,LINUX,11.0,
d2fc6fad-7e3f-4c8f-8164-85c13ae6a337,000000000312114528,0000190852,BWX,BWX HANA database,0020743977,Non-Productive,Data & AI,Data & Analytics Private,SAP HANA PLATFORM EDITION,01200314690800001945,SAP HANA platform edition 2.0,Technology Platform,LINUX,11.0,
ff4dd15a-5e58-4201-bec9-d51df23ebf1b,000000000312115974,0000190852,CRQ,CRM HANA DB Quality Assurance,0020767153,Non-Productive,Data & AI,Data & Analytics Private,SAP HANA PLATFORM EDITION,01200314690800001945,"SAP HANA 1.0, platform edition",Technology Platform,LINUX,11.0,
909e6c19-6a15-4f74-8dec-4901ea898313,000000000312117615,0000190852,ECD,ECC Development HANA DB,0020743951,Non-Productive,Data & AI,Data & Analytics Private,SAP HANA PLATFORM EDITION,01200314690800001945,SAP HANA platform edition 2.0,Technology Platform,LINUX_X86_64,RHEL7,
f6481560-f8d5-40ed-b3ff-da53f4d18a70,000000000312117656,0000190852,ECX,ECC Sandbox DB,0020743951,Non-Productive,Data & AI,Data & Analytics Private,SAP HANA PLATFORM EDITION,01200314690800001945,"SAP HANA 1.0, platform edition",Technology Platform,LINUX_X86_64,SLES12,
04769c0e-40d1-4a49-a5bd-0b2fdd4f974a,000000000312117656,0000190852,ECX,ECC Sandbox DB,0020743951,Non-Productive,Data & AI,Data & Analytics Private,SAP HANA PLATFORM EDITION,01200314690800001945,SAP HANA platform edition 2.0,Technology Platform,LINUX_X86_64,SLES12,
3e39e942-fa76-423b-b0d2-5f0b957c0ee5,000000000312120363,0000190852,POD,Process Orchestration Development,0020776592,Non-Productive,Data & AI,Data & Analytics Private,SAP NETWEAVER,01200314690800000134,SAP NetWeaver 7.5,Technology Platform,WINDOWS_X86_,10.0,Microsoft
f9677231-ddb1-4462-9cb8-b2b8e0cf5c8e,000000000312122541,0000190852,POQ,Process Orchestration QA,0020776592,Non-Productive,Data & AI,Data & Analytics Private,SAP NETWEAVER,01200314690800000134,SAP NetWeaver 7.5,Technology Platform,,,Microsoft
11cf5382-5ced-4856-b0c6-609f0c3a3bf5,000000000312132087,0000190852,GRQ,GRC Quality Assurance System,0020777180,Non-Productive,Data & AI,Data & Analytics Private,SAP NETWEAVER,01200314690800000134,SAP NetWeaver 7.5,Technology Platform,Windows NT,6.3,Microsoft
cc088b37-0261-43b6-82b2-0f09c0023785,000000000312134486,0000190852,BJD,BWDevelopment portal,0020743977,Non-Productive,Data & AI,Data & Analytics Private,SAP NETWEAVER,01200314690800000134,SAP NetWeaver 7.4,Technology Platform,Windows Serv,6.1,Microsoft
9f129049-7978-48f8-b2d0-893f78fbd6bf,000000000312135730,0000190852,POX,Process Orchestration Sandbox,0020776592,Non-Productive,Data & AI,Data & Analytics Private,SAP NETWEAVER,01200314690800000134,SAP NetWeaver 7.5,Technology Platform,Windows Serv,10.0,Microsoft
23e253f2-b383-4ff4-b8f3-9787ed5d0678,000000000312137655,0000190852,EPQ,Enterprise Portals Quality Assurance Sys,0020778103,Non-Productive,Data & AI,Data & Analytics Private,SAP NETWEAVER,01200314690800000134,SAP NetWeaver 7.4,Technology Platform,Windows Serv,6.1,Microsoft
af214688-5945-4289-8c3f-d65589cb70df,000000000312142301,0000190852,NDP,NDP - NWDI,0020743977,Non-Productive,Data & AI,Data & Analytics Private,SAP NETWEAVER,01200314690800000134,SAP NetWeaver 7.4,Technology Platform,Windows Serv,6.1,Microsoft
0f77bee6-d26a-4ca1-a8e6-10ca26ec4f6d,000000000312143658,0000190852,IDX,IDX Identity Management Sandbox,0020778103,Non-Productive,Data & AI,Data & Analytics Private,SAP NETWEAVER,01200314690800000134,SAP NetWeaver 7.4,Technology Platform,Windows Serv,6.1,Microsoft
bedaccc6-0126-4dac-8768-c6d11cbe15ac,000000000312144838,0000190852,IDD,IDD identity Management Development,0020778103,Non-Productive,Data & AI,Data & Analytics Private,SAP NETWEAVER,01200314690800000134,SAP NetWeaver 7.4,Technology Platform,Windows Serv,6.1,Microsoft
c1a64e7a-22be-4dbf-a516-9a21c9ec8f98,000000000312148957,0000190852,BOQ,BOQ SBO BOE 4.2 QA/Test system,0020743978,Non-Productive,Data & AI,Data & Analytics Private,SBOP BI PLATFORM (ENTERPRISE),01200314690800000337,SAP BusinessObjects Business Intelligence platform 4.2,Technology Platform,NT/INTEL,,
5c888566-6c24-47e8-8dd0-c9ff0aaacf79,000000000312148986,0000190852,BOX,BOX BOE 4.3 Sandbox,0020743978,Non-Productive,Data & AI,Data & Analytics Private,SBOP BI PLATFORM (ENTERPRISE),01200314690800000337,SAP BusinessObjects Business Intelligence platform 4.3,Technology Platform,NT/INTEL,WIN2008SR1,
d16c0364-502f-4324-af32-461953ad885b,000000000312153752,0000190852,ECQ,ECQ - Hana Lincenses,0020743951,Non-Productive,Data & AI,Data & Analytics Private,SAP HANA PLATFORM EDITION,01200314690800001945,SAP HANA platform edition 2.0,Technology Platform,LINUX,7.1,
fdb64c17-4c3d-4370-8319-47d38e446104,000000000312168160,0000190852,CPD,Redwood Development System,0020743977,Non-Productive,Data & AI,Data & Analytics Private,SAP NETWEAVER,01200314690800000134,SAP NetWeaver 7.4,Technology Platform,Windows Serv,6.1,Microsoft
abc2d830-2cab-4b20-9373-e18aca064d33,000000000312170029,0000190852,BJX,BW Sandbox Portal,0020743977,Non-Productive,Data & AI,Data & Analytics Private,SAP NETWEAVER,01200314690800000134,SAP NetWeaver 7.4,Technology Platform,Windows Serv,6.1,Microsoft
63fa4b4c-7a75-4c6d-90f4-9a56e3ab0f77,000000000312184281,0000190852,BJQ,BW Test portal,0020743977,Non-Productive,Data & AI,Data & Analytics Private,SAP NETWEAVER,01200314690800000134,SAP NetWeaver 7.4,Technology Platform,Windows Serv,6.1,Microsoft
5055625e-d7e0-4c8f-8a6d-04dfaede53cd,000000000312189037,0000190852,IDQ,IDM Identity Management QA / Test,0020778103,Non-Productive,Data & AI,Data & Analytics Private,SAP NETWEAVER,01200314690800000134,SAP NetWeaver 7.5,Technology Platform,Windows Serv,6.3,Microsoft
6a603876-0c75-4370-8d6b-fc8a2013de44,000000000312191792,0000190852,BWD,BWD - lovesdev domain,0020743977,Non-Productive,Data & AI,Data & Analytics Private,SAP NETWEAVER,01200314690800000134,SAP NetWeaver 7.4,Technology Platform,NT/INTEL,,HDB
a8e9353e-f454-4bbf-9856-1e3488033bce,000000000312212960,0000190852,HRD,HR Development HANA DB,0020807372,Non-Productive,Data & AI,Data & Analytics Private,SAP HANA PLATFORM EDITION,01200314690800001945,"SAP HANA 1.0, platform edition",Technology Platform,LINUX_X86_64,SLES11,
a4db3832-d353-401d-b6bd-8ac1a1074c84,000000000312224141,0000190852,HRQ,HR Quality Assurance HANA DB,0020807372,Non-Productive,Data & AI,Data & Analytics Private,SAP HANA PLATFORM EDITION,01200314690800001945,"SAP HANA 1.0, platform edition",Technology Platform,,,
81052185-fefd-4842-8520-a8afc1b7144f,000000000312236536,0000190852,HRX,HR Sandbox HANA System,0020807372,Non-Productive,Data & AI,Data & Analytics Private,SAP HANA PLATFORM EDITION,01200314690800001945,"SAP HANA 1.0, platform edition",Technology Platform,LINUX_X86_64,SLES11,
7312dcb7-3dbb-4ade-8d29-dd5bd69abf46,000000000312236536,0000190852,HRX,HR Sandbox HANA System,0020807372,Non-Productive,Data & AI,Data & Analytics Private,SAP HANA PLATFORM EDITION,01200314690800001945,SAP HANA platform edition 2.0,Technology Platform,LINUX_X86_64,SLES11,
dd2e6c27-877d-421d-a9b3-ac023539db26,000000000312293895,0000190852,CPQ,,0020743977,Non-Productive,Data & AI,Data & Analytics Private,SAP NETWEAVER,01200314690800000134,SAP NetWeaver 7.5,Technology Platform,Windows Serv,10.0,Microsoft
6888798a-093f-4d3f-b3ea-b86705320699,000000000312303380,0000190852,NGD,Development NW Gateway System,0020743977,Non-Productive,Data & AI,Data & Analytics Private,SAP NETWEAVER,01200314690800000134,SAP NetWeaver 7.4,Technology Platform,,,HDB
a3cbf3ad-cd12-42df-af5e-6e1941ca7301,000000000312306507,0000190852,NGQ,Gateway QA System,0020743977,Non-Productive,Data & AI,Data & Analytics Private,SAP NETWEAVER,01200314690800000134,SAP NetWeaver 7.4,Technology Platform,NT/INTEL,WIN2008,MSSQLSRV
07a5574a-e3fc-4484-810e-40f9dc4e73d7,000000000312395439,0000190852,GRX,GRC Sanbox,0020777180,Non-Productive,Data & AI,Data & Analytics Private,SAP NETWEAVER,01200314690800000134,SAP NetWeaver 7.5,Technology Platform,Windows NT,6.3,Microsoft
b08e62a1-db61-40ab-a7b5-d5fa034bf296,000000000312490513,0000190852,BQ2,BW 7.4 Development - Phase II,0020743977,Non-Productive,Data & AI,Data & Analytics Private,,,,Others,,,
ed4ab5f5-7383-4ce9-8121-b57a4fb3929f,000000000312493517,0000190852,JD2,BWDevelopment portal Phase2,0020743977,Non-Productive,Data & AI,Data & Analytics Private,SAP NETWEAVER,01200314690800000134,SAP NetWeaver 7.4,Technology Platform,Windows Serv,6.3,Microsoft
07b7061c-6c74-42c5-9529-cd3b5001cffe,000000000312513388,0000190852,ICD,,0020778103,Non-Productive,Data & AI,Data & Analytics Private,SAP NETWEAVER,01200314690800000134,SAP NetWeaver 7.4,Technology Platform,Windows Serv,6.3,Microsoft
c88e0d56-84dd-4978-8c99-ccda4a0b292e,000000000312524049,0000190852,NGQ,Netweaver Gateway QA,0020743977,Non-Productive,Data & AI,Data & Analytics Private,SAP NETWEAVER,01200314690800000134,SAP NetWeaver 7.4,Technology Platform,,,HDB
7deee383-b895-4d13-876c-8fa3a0222a7a,000000000312524049,0000190852,NGQ,Netweaver Gateway QA,0020743977,Non-Productive,Data & AI,Data & Analytics Private,SAP NETWEAVER,01200314690800000134,SAP NetWeaver 7.5,Technology Platform,,,HDB
a603ec6f-00b7-41ff-b0fb-1b1c8ee7a911,000000000312539735,0000190852,NQ2,vsapnq202,0020743977,Non-Productive,Data & AI,Data & Analytics Private,SAP NETWEAVER,01200314690800000134,SAP NetWeaver 7.4,Technology Platform,NT/INTEL,,MSSQLSRV
a2172caa-b365-4a96-ac9a-4b74585787f4,000000000312543777,0000190852,EQ2,vsaphanaeq201,0020743951,Non-Productive,Data & AI,Data & Analytics Private,SAP HANA PLATFORM EDITION,01200314690800001945,SAP HANA platform edition 2.0,Technology Platform,LINUX,11.0,
6b1a2c4b-2fbb-4a49-8a76-59dfb293547d,000000000312549107,0000190852,NGS,Staging,0020743977,Non-Productive,Data & AI,Data & Analytics Private,SAP NETWEAVER,01200314690800000134,SAP NetWeaver 7.4,Technology Platform,,,HDB
2d617235-a547-4904-b915-fcb1ea619cb6,000000000312553512,0000190852,ND2,vsapnd201,0020743977,Non-Productive,Data & AI,Data & Analytics Private,SAP NETWEAVER,01200314690800000134,SAP NetWeaver 7.4,Technology Platform,NT/INTEL,,MSSQLSRV
f6c71118-3757-4f1f-bea8-5e5d9727a89d,000000000312565001,0000190852,BQ2,BQ2 HANA database,0020743977,Non-Productive,Data & AI,Data & Analytics Private,SAP HANA PLATFORM EDITION,01200314690800001945,"SAP HANA 1.0, platform edition",Technology Platform,LINUX,11.0,
1f6911e0-782e-4a7d-bc06-a60b5db97541,000000000312574664,0000190852,BD2,BD2 HANA System,0020743977,Non-Productive,Data & AI,Data & Analytics Private,SAP HANA PLATFORM EDITION,01200314690800001945,"SAP HANA 1.0, platform edition",Technology Platform,LINUX,,
f27965bc-25a0-40f6-94a9-3eb1c60e67c7,000000000312577253,0000190852,BWS,NW 7.4 Stage,0020743977,Non-Productive,Data & AI,Data & Analytics Private,SAP NETWEAVER,01200314690800000134,SAP NetWeaver 7.4,Technology Platform,LINUX,SLES11,HDB
d2022491-9b1b-4240-a807-425922cd8b22,000000000312577253,0000190852,BWS,NW 7.4 Stage,0020743977,Non-Productive,Data & AI,Data & Analytics Private,SAP NETWEAVER,01200314690800000134,SAP NetWeaver 7.5,Technology Platform,LINUX,SLES11,HDB
fd34198e-cc15-4671-ae05-33e903f82991,000000000312598413,0000190852,ICQ,ICQ,0020778103,Non-Productive,Data & AI,Data & Analytics Private,SAP NETWEAVER,01200314690800000134,SAP NetWeaver 7.4,Technology Platform,NT/INTEL,,MSSQLSRV
819eeffd-a453-4d41-9356-7ca979e158c3,000000000312600306,0000190852,DCQ,DCQ identity Management QA,0020778103,Non-Productive,Data & AI,Data & Analytics Private,SAP NETWEAVER,01200314690800000134,SAP NetWeaver 7.4,Technology Platform,NT/INTEL,,MSSQLSRV
70d15f83-0b3a-47af-ac8b-f84e844a4ae5,000000000312616438,0000190852,ECS,ECS HANA System,0020743951,Non-Productive,Data & AI,Data & Analytics Private,SAP HANA PLATFORM EDITION,01200314690800001945,SAP HANA platform edition 2.0,Technology Platform,LINUX,11.0,
b36b982a-25d3-4a68-be81-f3487607236f,000000000312616531,0000190852,BWS,BW Staging System,0020743977,Non-Productive,Data & AI,Data & Analytics Private,SAP HANA PLATFORM EDITION,01200314690800001945,SAP HANA platform edition 2.0,Technology Platform,LINUX,,
757b49e2-3ee9-420a-b58f-4defbba0fd4c,000000000312637791,0000190852,EQ2,,0020743951,Non-Productive,Data & AI,Data & Analytics Private,SAP HANA PLATFORM EDITION,01200314690800001945,"SAP HANA 1.0, platform edition",Technology Platform,LINUX,,
774c7372-9512-469b-8fef-0eca5d006a26,000000000312655128,0000190852,POS,Process Orchestration Staging,0020776592,Non-Productive,Data & AI,Data & Analytics Private,SAP NETWEAVER,01200314690800000134,SAP NetWeaver 7.5,Technology Platform,,,Microsoft
2dbc2dc3-55d1-41cc-a987-a5f52a411256,000000000312658383,0000190852,BOS,BOBJ Stage Environment,0020743978,Non-Productive,Data & AI,Data & Analytics Private,SBOP BI PLATFORM (ENTERPRISE),01200314690800000337,SAP BusinessObjects Business Intelligence platform 4.2,Technology Platform,NT/INTEL,,
fcf80f13-22d7-40b8-996a-da052257c862,000000000312688242,0000190852,BOX,BOX Sandbox 4.2,0020743978,Non-Productive,Data & AI,Data & Analytics Private,SBOP BI PLATFORM (ENTERPRISE),01200314690800000337,SAP BusinessObjects Business Intelligence platform 4.2,Technology Platform,NT/INTEL,,
2e1669bd-92d2-4c93-b6fb-38dd59e33108,000000000800001172,0000190852,TPX,Transportation Management Sandbox,0020743977,Non-Productive,Data & AI,Data & Analytics Private,SAP NETWEAVER,01200314690800000134,SAP NetWeaver 7.4,Technology Platform,LINUX,6.3,HDB
0537630b-aa10-44fb-8826-bb67247d5303,000000000800001172,0000190852,TPX,Transportation Management Sandbox,0020743977,Non-Productive,Data & AI,Data & Analytics Private,SAP NETWEAVER,01200314690800000134,SAP NetWeaver 7.5,Technology Platform,LINUX,6.3,HDB
afd63f1b-5937-4437-97dd-e4a40ad23cd1,000000000800002241,0000190852,TPD,TPD Development System,0020743977,Non-Productive,Data & AI,Data & Analytics Private,SAP NETWEAVER,01200314690800000134,SAP NetWeaver 7.4,Technology Platform,LINUX,6.3,HDB
21a231fb-9799-4af6-9522-a9b4d7abba16,000000000800002241,0000190852,TPD,TPD Development System,0020743977,Non-Productive,Data & AI,Data & Analytics Private,SAP NETWEAVER,01200314690800000134,SAP NetWeaver 7.5,Technology Platform,LINUX,6.3,HDB
91737965-f923-4bf6-96c2-590e9a3e2b5b,000000000800004651,0000190852,SMX,Solution Manager Sand Box,0020743976,Non-Productive,Data & AI,Data & Analytics Private,SAP SOLUTION MANAGER,01200615320800000636,SAP Solution Manager 7.1,Technology Platform,Windows NT,6.1,Microsoft
54417883-ab95-4041-9bc9-a80ea2a5c7c0,000000000800074323,0000190852,EXX,EXX Temp System,0020743977,Non-Productive,Data & AI,Data & Analytics Private,SAP HANA PLATFORM EDITION,01200314690800001945,"SAP HANA 1.0, platform edition",Technology Platform,LINUX,,
283826a2-9168-4d86-89a8-4a77de6a3f59,000000000800081237,0000190852,TPS,TM Staging,0020743977,Non-Productive,Data & AI,Data & Analytics Private,SAP NETWEAVER,01200314690800000134,SAP NetWeaver 7.4,Technology Platform,LINUX,8.1,HDB
77a1c03a-d654-41a7-b2c3-d6ee7970e261,000000000800081237,0000190852,TPS,TM Staging,0020743977,Non-Productive,Data & AI,Data & Analytics Private,SAP NETWEAVER,01200314690800000134,SAP NetWeaver 7.5,Technology Platform,LINUX,8.1,HDB
08dac1e0-f05b-464d-a6ed-d625dd705101,000000000800218672,0000190852,SMD,New SMD,0020743976,Non-Productive,Data & AI,Data & Analytics Private,SAP SOLUTION MANAGER,01200615320800000636,SAP Solution Manager 7.2,Technology Platform,Windows NT,6.3,Microsoft
84587c15-e1b7-4d8e-b74e-1c172e51bcc1,000000000800236747,0000190852,SJD,Solution Manager 7.2 JAVA System,0020743976,Non-Productive,Data & AI,Data & Analytics Private,SAP NETWEAVER,01200314690800000134,SAP NetWeaver 7.5,Technology Platform,Windows NT,6.3,Microsoft
81c26e07-d672-42ba-bbc9-fe0c05ad5b31,000000000800236747,0000190852,SJD,Solution Manager 7.2 JAVA System,0020743976,Non-Productive,Data & AI,Data & Analytics Private,SAP SOLUTION MANAGER,01200615320800000636,SAP Solution Manager 7.2,Technology Platform,Windows NT,6.3,Microsoft
72bd9d4f-effc-4183-86d1-54b1173e2a4c,000000000800299658,0000190852,ID2,vsapidd02,0020778103,Non-Productive,Data & AI,Data & Analytics Private,SAP NETWEAVER,01200314690800000134,SAP NetWeaver 7.5,Technology Platform,Windows Serv,6.3,Microsoft
cc95247d-4a9a-42f6-94a6-9bc0d4ed83dd,000000000800308464,0000190852,S72,SAP Prod Solman for Monitoring,0020743976,Non-Productive,Data & AI,Data & Analytics Private,SAP SOLUTION MANAGER,01200615320800000636,SAP Solution Manager 7.2,Technology Platform,LINUX_X86_64,3.10.0-957,Sybase
0dbe90aa-eaa2-478b-84a3-86c930ac0556,000000000800351573,0000190852,ECM,vsaphanaecp01,0020743951,Non-Productive,Data & AI,Data & Analytics Private,SAP HANA PLATFORM EDITION,01200314690800001945,"SAP HANA 1.0, platform edition",Technology Platform,LINUX,,
40cd8a7d-8ca9-4356-9a81-96c8954283f4,000000000800351575,0000190852,BWM,BWM,0020743977,Non-Productive,Data & AI,Data & Analytics Private,SAP HANA PLATFORM EDITION,01200314690800001945,"SAP HANA 1.0, platform edition",Technology Platform,LINUX,,
b9fe4576-f62d-445b-ae7b-a8bfd7ee64c8,000000000800353633,0000190852,BWM,BW ABAP for MOCK,0020743977,Non-Productive,Data & AI,Data & Analytics Private,SAP NETWEAVER,01200314690800000134,SAP NetWeaver 7.4,Technology Platform,LINUX_X86_64,RHEL7,HDB
55a1f955-52e0-4e5a-8458-339d33b42f0b,000000000800357837,0000190852,GRX,GRC Sandbox Win 2012,0020777180,Non-Productive,Data & AI,Data & Analytics Private,SAP NETWEAVER,01200314690800000134,SAP NetWeaver 7.4,Technology Platform,NT/INTEL,,MSSQLSRV
f5ce2df4-3514-444a-bc02-9867aeda628e,000000000800361561,0000190852,GRX,GRX 7.5 Sandbox,0020777180,Non-Productive,Data & AI,Data & Analytics Private,SAP NETWEAVER,01200314690800000134,SAP NetWeaver 7.5,Technology Platform,NT/INTEL,,MSSQLSRV
c736b23e-605a-4bdf-ab9b-407f9e4f58ef,000000000800368072,0000190852,GRD,GRC 7.5 Development System,0020777180,Non-Productive,Data & AI,Data & Analytics Private,SAP NETWEAVER,01200314690800000134,SAP NetWeaver 7.5,Technology Platform,LINUX,,SYBASE
cd2d3f8f-cbd5-405c-a032-5a5e6ebbf52c,000000000800402591,0000190852,BWS,BW  7.5 Stage Environment,0020743977,Non-Productive,Data & AI,Data & Analytics Private,SAP NETWEAVER,01200314690800000134,SAP NetWeaver 7.5,Technology Platform,LINUX_X86_64,RHEL7,HDB
8effe1ac-cedb-446d-926c-c32d223a3ec2,000000000800541520,0000190852,NGX,Netweaver Gateway Sandbox,0020743977,Non-Productive,Data & AI,Data & Analytics Private,AS ABAP FOR S/4HANA FRONTEND,73555000100800000267,NetWeaver Application Server ABAP for S/4HANA on Premise 1709 Frontend Server,Technology Platform,LINUX,,HDB
7a687d8f-efbb-4f69-af3a-90a27baf0635,000000000800541520,0000190852,NGX,Netweaver Gateway Sandbox,0020743977,Non-Productive,Data & AI,Data & Analytics Private,SAP NETWEAVER,01200314690800000134,SAP NetWeaver 7.5,Technology Platform,LINUX,,HDB
14dca9d7-57fe-421a-9078-eb92dbda798b,000000000800640807,0000190852,ABD,ADS Development JAVA System,0020743977,Non-Productive,Data & AI,Data & Analytics Private,SAP NETWEAVER,01200314690800000134,SAP NetWeaver 7.5,Technology Platform,LINUX_X86_64,4.18.0-193,SYBASE
de56cf66-00c0-4146-8186-e33d49a69a4d,000000000800659664,0000190852,ABS,ADS Staging System,0020743977,Non-Productive,Data & AI,Data & Analytics Private,SAP NETWEAVER,01200314690800000134,SAP NetWeaver 7.5,Technology Platform,LINUX_X86_64,4.18.0-193,SYBASE
67e6add0-160b-468c-9c0b-519e190e36bd,000000000800684688,0000190852,LMD,SAP Landscape Management,0020743977,Non-Productive,Data & AI,Data & Analytics Private,SAP NETWEAVER,01200314690800000134,SAP NetWeaver 7.5,Technology Platform,LINUX_X86_64,4.18.0-193,Sybase
66145bf7-6f04-4062-9237-b72ac49161e3,000000000800689273,0000190852,SOD,Solution Manager 7.2 AWS Linux,0020743976,Non-Productive,Data & AI,Data & Analytics Private,SAP SOLUTION MANAGER,01200615320800000636,SAP Solution Manager 7.2,Technology Platform,LINUX,4.18.0-193,SYBASE
a44f6d9c-6856-48e9-85dd-61dbbaa19ef1,000000000800690246,0000190852,JSD,Solution Manager JAVA Dev System,0020743976,Non-Productive,Data & AI,Data & Analytics Private,SAP SOLUTION MANAGER,01200615320800000636,SAP Solution Manager 7.2,Technology Platform,LINUX,,SYBASE
f34b856b-f934-4b42-aa22-a7d02443c099,000000000800698442,0000190852,BOQ,BI 4.3 AWS QUALITY SYSTEM,0020904060,Non-Productive,Data & AI,Data & Analytics Private,SBOP BI PLATFORM (ENTERPRISE),01200314690800000337,SAP BusinessObjects Business Intelligence platform 4.3,Technology Platform,LINUX,8.1,
2baac71d-4981-4379-922c-c8201ae323fe,000000000800698446,0000190852,BOS,BI 4.3 AWS STAGING SYSTEM,0020904060,Non-Productive,Data & AI,Data & Analytics Private,SBOP BI PLATFORM (ENTERPRISE),01200314690800000337,SAP BusinessObjects Business Intelligence platform 4.3,Technology Platform,LINUX,,
d4d40754-74a0-4987-a008-d394f9597b55,000000000800698449,0000190852,BOX,BI 4.3 AWS SANDBOX SYSTEM,0020904060,Non-Productive,Data & AI,Data & Analytics Private,SBOP BI PLATFORM (ENTERPRISE),01200314690800000337,SAP BusinessObjects Business Intelligence platform 4.3,Technology Platform,LINUX,,
f65722c6-0097-4c7f-8ee8-587e4c0c72c2,000000000800717673,0000190852,PIX,Netweaver Process Orchestration,0020776592,Non-Productive,Data & AI,Data & Analytics Private,SAP NETWEAVER,01200314690800000134,SAP NetWeaver 7.5,Technology Platform,LINUX,,HDB
e26fbfd6-b0e3-4521-a42f-bd090058ff1d,000000000800728284,0000190852,PID,Process Orchestration Development System,0020776592,Non-Productive,Data & AI,Data & Analytics Private,SAP NETWEAVER,01200314690800000134,SAP NetWeaver 7.5,Technology Platform,LINUX,RHEL8,HDB
6cebbd04-7997-45c8-abd1-203876e0194e,000000000800745610,0000190852,PIQ,Process Orchestration QA System,0020776592,Non-Productive,Data & AI,Data & Analytics Private,SAP NETWEAVER,01200314690800000134,SAP NetWeaver 7.5,Technology Platform,LINUX,,HDB
1a1fcc73-f7a1-4c5b-a594-a5a51fae3be3,000000000800770496,0000190852,PIS,Process Orchestration Staging System,0020776592,Non-Productive,Data & AI,Data & Analytics Private,SAP NETWEAVER,01200314690800000134,SAP NetWeaver 7.5,Technology Platform,LINUX,,HDB
bb8382b4-d547-432f-ac7d-15729f915a52,000000000800786807,0000190852,NWD,AWS PO Development Hana Database,0020743977,Non-Productive,Data & AI,Data & Analytics Private,SAP HANA PLATFORM EDITION,01200314690800001945,SAP HANA platform edition 2.0,Technology Platform,LINUX_X86_64,RHEL8,
a57c115d-4634-4f5f-b5c4-f11a4314faf2,000000000800786808,0000190852,NWS,AWS PO Staging HANA Database,0020743977,Non-Productive,Data & AI,Data & Analytics Private,SAP HANA PLATFORM EDITION,01200314690800001945,SAP HANA platform edition 2.0,Technology Platform,LINUX,,
552039f3-e9bc-4e50-8e20-255c81d44391,000000000800788193,0000190852,NWQ,AWS PO Quality Assurance HANA DB,0020743977,Non-Productive,Data & AI,Data & Analytics Private,SAP HANA PLATFORM EDITION,01200314690800001945,SAP HANA platform edition 2.0,Technology Platform,LINUX,,
454869b8-8a55-4d3c-874b-8cf4c3deec8f,000000000800790917,0000190852,DFD,,0021084671,Non-Productive,Data & AI,Data & Analytics Private,SAP HANA PLATFORM EDITION,01200314690800001945,SAP HANA platform edition 2.0,Technology Platform,LINUX,,
5e4cb86b-3e49-4253-ae39-44950561abe5,000000000800977054,0000190852,TPX,SAP TM 9.6,0020743977,Non-Productive,Data & AI,Data & Analytics Private,SAP HANA PLATFORM EDITION,01200314690800001945,SAP HANA platform edition 2.0,Technology Platform,LINUX,,
4092783d-b5f9-4c39-9e0a-a1a985a26055,000000000801024577,0000190852,TPS,TPS ABAP,0020743977,Non-Productive,Data & AI,Data & Analytics Private,SAP NETWEAVER,01200314690800000134,SAP NetWeaver 7.5,Technology Platform,LINUX,,HDB
d80bb8f6-9635-4ad6-bfd1-605e3e724fb9,000000000850015185,0000190852,TPQ,TPQ QA System,0020743977,Non-Productive,Data & AI,Data & Analytics Private,SAP NETWEAVER,01200314690800000134,SAP NetWeaver 7.4,Technology Platform,LINUX,8.1,HDB
d5339b97-c978-4a24-bfc8-16353cd871d9,000000000850015185,0000190852,TPQ,TPQ QA System,0020743977,Non-Productive,Data & AI,Data & Analytics Private,SAP NETWEAVER,01200314690800000134,SAP NetWeaver 7.5,Technology Platform,LINUX,8.1,HDB
0b72a996-0cf3-41f6-b103-316cf7047c9d,000000000850015781,0000190852,BW1,BW1,0020743977,Non-Productive,Data & AI,Data & Analytics Private,SAP HANA PLATFORM EDITION,01200314690800001945,"SAP HANA 1.0, platform edition",Technology Platform,LINUX,,
d1c7275a-b3ba-4d37-a3c7-48b67b91b86e,000000000850016287,0000190852,CPS,CPS,0020743977,Non-Productive,Data & AI,Data & Analytics Private,SAP NETWEAVER,01200314690800000134,SAP NetWeaver 7.4,Technology Platform,Windows Serv,6.3,Microsoft
1d79d064-4d26-4f46-a26a-c8abd85ed4f8,000000000850028971,0000190852,OD2,BOBJ Dev N+1,0020743978,Non-Productive,Data & AI,Data & Analytics Private,SBOP BI PLATFORM (ENTERPRISE),01200314690800000337,SAP BusinessObjects Business Intelligence platform 4.1 (formerly SBOP Enterprise),Technology Platform,NT/INTEL,,
1c1be993-2d53-4809-b05f-c08dece498df,000000000850032584,0000190852,OD2,N+1 BOE DEV 4.2,0020743978,Non-Productive,Data & AI,Data & Analytics Private,SBOP BI PLATFORM (ENTERPRISE),01200314690800000337,SAP BusinessObjects Business Intelligence platform 4.2,Technology Platform,NT/INTEL,,
aa7f7b20-1e85-4674-b50f-31c0e2e42a1b,000000000850032585,0000190852,OQ2,N+1 BOE QA 4.2,0020743978,Non-Productive,Data & AI,Data & Analytics Private,SBOP BI PLATFORM (ENTERPRISE),01200314690800000337,SAP BusinessObjects Business Intelligence platform 4.2,Technology Platform,NT/INTEL,,
fe4f2e6a-8585-4377-bff6-b8ec328c28bc,000000000850039245,0000190852,SMQ,Solution Manager Quality Assurance,0020743976,Non-Productive,Data & AI,Data & Analytics Private,SAP SOLUTION MANAGER,01200615320800000636,SAP Solution Manager 7.2,Technology Platform,WINDOWS_X86_,6.3,Microsoft
9a50675b-a8e7-4a95-abcd-0d76e5d6e76f,000000000850058105,0000190852,OQ2,N+1 BOE 4.1 QA Environment,0020743978,Non-Productive,Data & AI,Data & Analytics Private,SBOP BI PLATFORM (ENTERPRISE),01200314690800000337,SAP BusinessObjects Business Intelligence platform 4.1 (formerly SBOP Enterprise),Technology Platform,NT/INTEL,,
b657b168-576e-4aa4-b94e-dcb7df05380e,000000000850223686,0000190852,XA1,XA1HANA,0020743951,Non-Productive,Data & AI,Data & Analytics Private,SAP HANA PLATFORM EDITION,01200314690800001945,"SAP HANA 1.0, platform edition",Technology Platform,LINUX,,
0942c6bf-3e66-4d31-ad3b-a9c7582cddb0,000000000850237018,0000190852,SJP,SAP Solution manger 7.2 for worksoft imp,0020743976,Non-Productive,Data & AI,Data & Analytics Private,SAP NETWEAVER,01200314690800000134,SAP NetWeaver 7.4,Technology Platform,,,Microsoft
ed7a222e-becd-4b35-b73f-1d562a2a9820,000000000850237018,0000190852,SJP,SAP Solution manger 7.2 for worksoft imp,0020743976,Non-Productive,Data & AI,Data & Analytics Private,SAP SOLUTION MANAGER,01200615320800000636,SAP Solution Manager 7.2,Technology Platform,,,Microsoft
5521ca12-ba57-4471-8ec7-ed21a0eae66f,000000000850303520,0000190852,SJQ,SAP Solution manager Quality JAVA,0020743976,Non-Productive,Data & AI,Data & Analytics Private,SAP NETWEAVER,01200314690800000134,SAP NetWeaver 7.5,Technology Platform,WINDOWS_X86_,6.3,Microsoft
896a44a0-1d68-43bc-9f93-2c916f19b320,000000000850303520,0000190852,SJQ,SAP Solution manager Quality JAVA,0020743976,Non-Productive,Data & AI,Data & Analytics Private,SAP SOLUTION MANAGER,01200615320800000636,SAP Solution Manager 7.2,Technology Platform,WINDOWS_X86_,6.3,Microsoft
7be89e82-b55a-4f37-8ec5-701674c895dd,000000000850310338,0000190852,J72,SAP Solman 7.2 JAVA,0020743976,Non-Productive,Data & AI,Data & Analytics Private,SAP HANA PLATFORM EDITION,01200314690800001945,"SAP HANA 1.0, platform edition",Technology Platform,Linux,3.10.0-862,Sybase
6c84b6a9-ad4d-4611-bf29-67efe12d07c4,000000000850310338,0000190852,J72,SAP Solman 7.2 JAVA,0020743976,Non-Productive,Data & AI,Data & Analytics Private,SAP NETWEAVER,01200314690800000134,SAP NetWeaver 7.4,Technology Platform,Linux,3.10.0-862,Sybase
170cc25b-9564-4e6d-a7b2-c4d9bc9ac26b,000000000850310338,0000190852,J72,SAP Solman 7.2 JAVA,0020743976,Non-Productive,Data & AI,Data & Analytics Private,SAP SOLUTION MANAGER,01200615320800000636,SAP Solution Manager 7.2,Technology Platform,Linux,3.10.0-862,Sybase
78476453-8ce4-4ae4-bfb2-94def194695e,000000000850328448,0000190852,BJS,BW Stage Portal,0020743977,Non-Productive,Data & AI,Data & Analytics Private,SAP NETWEAVER,01200314690800000134,SAP NetWeaver 7.4,Technology Platform,Windows Serv,6.2,Microsoft
72142c8c-5f25-4410-95df-094e2d862352,000000000850365370,0000190852,SLD,SLD,0020743977,Non-Productive,Data & AI,Data & Analytics Private,SAP NETWEAVER,01200314690800000134,SAP NetWeaver 7.5,Technology Platform,NT/INTEL,WIN2012,MSSQLSRV
899c0670-6cce-45ed-a735-faebbfc993f7,000000000850408693,0000190852,IDX,vsapidx11,0020778103,Non-Productive,Data & AI,Data & Analytics Private,SAP NETWEAVER,01200314690800000134,SAP NetWeaver 7.5,Technology Platform,NT/INTEL,,MSSQLSRV
6728a675-46f7-4576-8ed7-573b4bcfa472,000000000850554696,0000190852,DSP,SAP Data Services PROD,0020904060,Non-Productive,Data & AI,Data & Analytics Private,SBOP BI PLATFORM (ENTERPRISE),01200314690800000337,SAP BusinessObjects Business Intelligence platform 4.2,Technology Platform,NT/INTEL,,
a4767b84-c6a1-462e-91f9-71a8dabb54e0,000000000850567670,0000190852,BOD,Bi 4.3  AWS DEVELOPMENT,0020904060,Non-Productive,Data & AI,Data & Analytics Private,SBOP BI PLATFORM (ENTERPRISE),01200314690800000337,SAP BusinessObjects Business Intelligence platform 4.3,Technology Platform,LINUX,,
85a55b99-de73-47f5-b114-25326f3ddb2c,000000000850610244,0000190852,ABQ,ADS QA System,0020743977,Non-Productive,Data & AI,Data & Analytics Private,SAP NETWEAVER,01200314690800000134,SAP NetWeaver 7.5,Technology Platform,LINUX_X86_64,4.18.0-193,SYBASE
7c471dc3-3a76-4256-b15e-f81eb719fd12,000000000850673015,0000190852,SDD,asapcssdd01,0020743977,Non-Productive,Data & AI,Data & Analytics Private,SAP NETWEAVER,01200314690800000134,SAP NetWeaver 7.5,Technology Platform,LINUX,4.18.0-193,SYBASE
09825fa5-e7a7-4705-9bb0-6d3c1899dd9c,000000000850717619,0000190852,NWX,Hana DB for Netweaver Systems,0020743977,Non-Productive,Data & AI,Data & Analytics Private,SAP HANA PLATFORM EDITION,01200314690800001945,SAP HANA platform edition 2.0,Technology Platform,LINUX,,
0121a93b-c71f-4887-ae78-ddfe7354db76,000000000850761592,0000190852,DFQ,,0021084671,Non-Productive,Data & AI,Data & Analytics Private,SAP HANA PLATFORM EDITION,01200314690800001945,SAP HANA platform edition 2.0,Technology Platform,LINUX,,
fe129113-9710-40e3-99bb-50fc1166a171,000000000850765960,0000190852,DFS,DFS HANA Database Stage,0021084671,Non-Productive,Data & AI,Data & Analytics Private,SAP HANA PLATFORM EDITION,01200314690800001945,SAP HANA platform edition 2.0,Technology Platform,LINUX,,
c008988e-b483-464b-888e-6b9d18a6af27,000000000850807755,0000190852,DFX,DFX,0021084671,Non-Productive,Data & AI,Data & Analytics Private,SAP HANA PLATFORM EDITION,01200314690800001945,SAP HANA platform edition 2.0,Technology Platform,LINUX,,
820b50c3-6be7-4815-a972-18a0953f158a,000000000850875319,0000190852,LTD,SLT Dev,0020743977,Non-Productive,Data & AI,Data & Analytics Private,NW AS ABAP INNOVATION PACKAGE,73555000100800000331,NetWeaver Application Server for ABAP 7.52,Technology Platform,LINUX,,HDB
02d481d9-617f-4e28-88d6-7017f6b9d8a1,000000000850877361,0000190852,LTQ,SLT QAS,0020743977,Non-Productive,Data & AI,Data & Analytics Private,SAP NETWEAVER,01200314690800000134,SAP NetWeaver 7.5,Technology Platform,LINUX_X86_64,,HDB
bab0f637-4a62-453b-b282-fddd59df52d7,000000000850885132,0000190852,TPX,TPX,0020743977,Non-Productive,Data & AI,Data & Analytics Private,SAP NETWEAVER,01200314690800000134,SAP NetWeaver 7.4,Technology Platform,NT/INTEL,,HDB
766fc919-f65f-4abd-9fcd-a8134f83a1e5,000000000850888852,0000190852,TPD,TM 9.6,0020743977,Non-Productive,Data & AI,Data & Analytics Private,SAP HANA PLATFORM EDITION,01200314690800001945,SAP HANA platform edition 2.0,Technology Platform,LINUX,,
8cf3f6c8-9213-467b-9e7e-08d0223e71e8,000000000850890857,0000190852,LTD,SLT Dev HANA,0020743977,Non-Productive,Data & AI,Data & Analytics Private,SAP HANA PLATFORM EDITION,01200314690800001945,SAP HANA platform edition 2.0,Technology Platform,LINUX,,
85f5f73b-bdf8-4095-8aac-24cfeda144c8,000000000850891069,0000190852,TPQ,TM QA HANA,0020743977,Non-Productive,Data & AI,Data & Analytics Private,SAP HANA PLATFORM EDITION,01200314690800001945,SAP HANA platform edition 2.0,Technology Platform,LINUX,,
8743916e-01fb-4d31-ba02-1894644dab08,000000000850891536,0000190852,LTQ,SLT-QA,0020743977,Non-Productive,Data & AI,Data & Analytics Private,SAP HANA PLATFORM EDITION,01200314690800001945,SAP HANA platform edition 2.0,Technology Platform,LINUX,,
bc8ef6a7-8ded-4d05-a844-707969206c52,000000000850894270,0000190852,TPS,TPS HANA Database,0020743977,Non-Productive,Data & AI,Data & Analytics Private,SAP HANA PLATFORM EDITION,01200314690800001945,SAP HANA platform edition 2.0,Technology Platform,LINUX,,
c3b47a68-5068-435c-b727-868d6e481f18,000000000850894279,0000190852,TPS,TPS Stage 7.5,0020743977,Non-Productive,Data & AI,Data & Analytics Private,SAP NETWEAVER,01200314690800000134,SAP NetWeaver 7.5,Technology Platform,LINUX,,HDB
371122fb-fda0-478a-8303-aabddcee30a8,000000000900044775,0000190852,MOQ,ASE Quality System,0020743979,Non-Productive,Data & AI,Data & Analytics Private,SAP ADAPTIVE SERVER ENTERPRISE,67837800100800005166,Sybase Adaptive Server Enterprise 15.7,Technology Platform,NT/INTEL,,
9b3cb6b9-ae80-474d-a902-9b46b686a1d9,000000000900045455,0000190852,MOD,ASE Development System,0020743979,Non-Productive,Data & AI,Data & Analytics Private,SAP ADAPTIVE SERVER ENTERPRISE,67837800100800005166,Sybase Adaptive Server Enterprise 15.7,Technology Platform,NT/INTEL,,
1005290a-2985-4031-b40a-91ffbed7a48b,000000000900058327,0000190852,ED2,vsaphanaed201,0020743951,Non-Productive,Data & AI,Data & Analytics Private,SAP HANA PLATFORM EDITION,01200314690800001945,"SAP HANA 1.0, platform edition",Technology Platform,LINUX,,
54734bb9-df12-4394-8cb6-a7c1c999bcf0,000000000950009407,0000190852,BOD,SBO Enterprise 4.2 - BI Platform,0020743978,Non-Productive,Data & AI,Data & Analytics Private,SBOP BI PLATFORM (ENTERPRISE),01200314690800000337,SAP BusinessObjects Business Intelligence platform 4.2,Technology Platform,NT/INTEL,,MSSQLSRV
c82badb8-142d-4de5-9911-4ea72ded72e6,000000000312173678,0000190852,ECP,ECC Production system - ABAP,0020743951,Productive,Cloud ERP Private,Cloud ERP Private,SAP ERP,01200615320800000659,SAP ERP 6.0,Enterprise Management,LINUX,RHEL7,HDB
4e0774ac-c9f7-47a6-a81a-f48253033aa5,000000000312173678,0000190852,ECP,ECC Production system - ABAP,0020743951,Productive,Cloud ERP Private,Cloud ERP Private,SAP NETWEAVER,01200314690800000134,SAP NetWeaver 7.4,Technology Platform,LINUX,RHEL7,HDB
d003c2d6-7ae8-4fd7-a08f-d05ea06af637,000000000312282911,0000190852,HRP,HR Production System,0020807372,Productive,Cloud ERP Private,Cloud ERP Private,SAP ERP,01200615320800000659,SAP ERP 6.0,Enterprise Management,,,HDB
af7a1618-05d4-4e98-892b-606cdbaef906,000000000312282911,0000190852,HRP,HR Production System,0020807372,Productive,Cloud ERP Private,Cloud ERP Private,SAP NETWEAVER,01200314690800000134,SAP NetWeaver 7.5,Technology Platform,,,HDB
46ea6585-55a1-4cd9-ad17-6b1a1793bf86,000000000800830091,0000190852,DFP,000000000800780229,0021084671,Productive,Cloud ERP Private,Cloud ERP Private,ABAP PLATFORM,73554900100800001562,Abap Platform 2022,Technology Platform,LINUX,,HDB
5d262af3-d243-412d-acff-4466b0d33bdf,000000000800830091,0000190852,DFP,000000000800780229,0021084671,Productive,Cloud ERP Private,Cloud ERP Private,SAP S/4HANA,73554900100800000266,SAP S/4HANA 2022,Enterprise Management,LINUX,,HDB
9f992a79-3ecd-47dc-aebe-bf6e4e026cd6,000000000800830091,0000190852,DFP,000000000800780229,0021084671,Productive,Cloud ERP Private,Cloud ERP Private,SAP S/4HANA FOUNDATION,73555000100800001207,"SAP S/4HANA Foundation 2022 - restricted use only, please see note 3143630.",Enterprise Management,LINUX,,HDB
ee0bce77-3023-4985-a7c1-48c24e269c66,000000000312127982,0000190852,CRP,CRM Production System,0020767153,Productive,Customer Experience,Sales and Service,SAP CRM,01200615320800000556,SAP Customer Relationship Management 7.0 (Easy Adoption),Customer Relationship Management,LINUX_X86_64,3.0.101-10,HDB
1582639e-b302-4cba-8874-3ff713efdf07,000000000312127982,0000190852,CRP,CRM Production System,0020767153,Productive,Customer Experience,Sales and Service,SAP NETWEAVER,01200314690800000134,SAP NetWeaver 7.4,Technology Platform,LINUX_X86_64,3.0.101-10,HDB
50f8cd82-72e9-41ea-91a2-b51728470dbd,000000000950035180,0000190852,DAP,Digital Asset Management Production,0020743951,Productive,Customer Experience,Commerce,SAP DAM BY OPENTEXT,01200314690800001388,SAP Digital Asset Management 10.5 by OpenText,Customer Relationship Management,,,MSSQLSRV
2b868a7d-9043-482a-8b1d-8096ede149d1,000000000311996167,0000190852,SLP,SLD Production System,0020743977,Productive,Data & AI,Data & Analytics Private,SAP NETWEAVER,01200314690800000134,SAP NetWeaver 7.4,Technology Platform,WINDOWS_X86_,6.1,Microsoft
8fa3ff40-31ff-4e5a-9a0c-6817c723155a,000000000311997012,0000190852,SMP,Dummy SMP (Use system with   800316405),0020743976,Productive,Data & AI,Data & Analytics Private,SAP SOLUTION MANAGER,01200615320800000636,SAP Solution Manager 7.2,Technology Platform,Windows NT,6.3,Microsoft
067c5ef4-b1d3-4b39-91df-7def5b69b72a,000000000312137625,0000190852,POP,Process Orchestration Production,0020776592,Productive,Data & AI,Data & Analytics Private,SAP NETWEAVER,01200314690800000134,SAP NetWeaver 7.5,Technology Platform,WINDOWS_X86_,10.0,Microsoft
8f7b88b3-edd5-4171-9506-40835e0e40cf,000000000312140548,0000190852,CRP,CRM HANA DB Production System,0020767153,Productive,Data & AI,Data & Analytics Private,SAP HANA PLATFORM EDITION,01200314690800001945,"SAP HANA 1.0, platform edition",Technology Platform,LINUX_X86_64,3.0.101-10,
ff327a4f-3c56-4ba2-9b28-c85c762a2470,000000000312141390,0000190852,EPP,Enterprise Portals Production System,0020778103,Productive,Data & AI,Data & Analytics Private,SAP NETWEAVER,01200314690800000134,SAP NetWeaver 7.4,Technology Platform,Windows Serv,6.1,Microsoft
74302c3d-f223-4e0d-a6cf-a08924cab639,000000000312143683,0000190852,IDP,IDM Identity Management Prod,0020778103,Productive,Data & AI,Data & Analytics Private,SAP NETWEAVER,01200314690800000134,SAP NetWeaver 7.5,Technology Platform,Windows Serv,6.3,Microsoft
6ca716fc-a058-4a61-af30-00d49284aad1,000000000312148217,0000190852,GRP,GRC Production System,0020777180,Productive,Data & AI,Data & Analytics Private,SAP NETWEAVER,01200314690800000134,SAP NetWeaver 7.5,Technology Platform,NT/INTEL,6.3,SYBASE
5169c2fa-0768-446a-ab42-5d38286b207e,000000000312153588,0000190852,BWP,BWP HANA Database,0020743977,Productive,Data & AI,Data & Analytics Private,SAP HANA PLATFORM EDITION,01200314690800001945,SAP HANA platform edition 2.0,Technology Platform,LINUX,,
aebf982c-9d9c-4edf-9ba1-a2d3328ab7e5,000000000312156115,0000190852,ECP,ECC HANA DB server,0020743951,Productive,Data & AI,Data & Analytics Private,SAP HANA PLATFORM EDITION,01200314690800001945,SAP HANA platform edition 2.0,Technology Platform,LINUX,RHEL7,
664f8245-334a-421f-9075-21d499234693,000000000312168800,0000190852,CPP,Redwood Production System,0020743977,Productive,Data & AI,Data & Analytics Private,SAP NETWEAVER,01200314690800000134,SAP NetWeaver 7.4,Technology Platform,Windows Serv,6.1,Microsoft
a06fa271-38c8-46bd-b481-d328f860e87c,000000000312193362,0000190852,BJP,BW Production Portal,0020743977,Productive,Data & AI,Data & Analytics Private,SAP NETWEAVER,01200314690800000134,SAP NetWeaver 7.4,Technology Platform,Windows Serv,6.1,Microsoft
ed0e019a-525f-4780-982f-efad24d6ce4c,000000000312193388,0000190852,BWP,NW 7.5  Production,0020743977,Productive,Data & AI,Data & Analytics Private,SAP NETWEAVER,01200314690800000134,SAP NetWeaver 7.5,Technology Platform,LINUX_X86_64,RHEL7,HDB
ab6b92de-6bf4-41b9-be25-f7594631c664,000000000312194664,0000190852,BOP,BOP SBO BOE 4.1 Production system,0020743978,Productive,Data & AI,Data & Analytics Private,SBOP BI PLATFORM (ENTERPRISE),01200314690800000337,SAP BusinessObjects Business Intelligence platform 4.1 (formerly SBOP Enterprise),Technology Platform,NT/INTEL,,
a310c039-78ac-4213-8183-d00cec0d2462,000000000312194665,0000190852,BOP,BOP SBO BOE 4.1 Production system,0020743978,Productive,Data & AI,Data & Analytics Private,SBOP BI PLATFORM (ENTERPRISE),01200314690800000337,SAP BusinessObjects Business Intelligence platform 4.1 (formerly SBOP Enterprise),Technology Platform,NT/INTEL,,
35ee5f26-3133-44ce-951d-3473bfee107b,000000000312194666,0000190852,BOP,BOP SBO BOE 4.1 Production system,0020743978,Productive,Data & AI,Data & Analytics Private,SBOP BI PLATFORM (ENTERPRISE),01200314690800000337,SAP BusinessObjects Business Intelligence platform 4.1 (formerly SBOP Enterprise),Technology Platform,NT/INTEL,,
d7cc64de-9e5d-4f58-9c3f-67997f1dcca2,000000000312194667,0000190852,BOP,BOP SBO BOE 4.1 Production system,0020743978,Productive,Data & AI,Data & Analytics Private,SBOP BI PLATFORM (ENTERPRISE),01200314690800000337,SAP BusinessObjects Business Intelligence platform 4.1 (formerly SBOP Enterprise),Technology Platform,NT/INTEL,,
cdfd60c6-2cbd-4de1-99ae-978cab5ba120,000000000312194668,0000190852,BOP,BOP SBO BOE 4.1 Production sys,0020743978,Productive,Data & AI,Data & Analytics Private,SBOP BI PLATFORM (ENTERPRISE),01200314690800000337,SAP BusinessObjects Business Intelligence platform 4.1 (formerly SBOP Enterprise),Technology Platform,NT/INTEL,,
057f5260-360a-4379-bb3e-19ddb31d04b7,000000000312194669,0000190852,BOP,BOP SBO BOE 4.1 Production system,0020743978,Productive,Data & AI,Data & Analytics Private,SBOP BI PLATFORM (ENTERPRISE),01200314690800000337,SAP BusinessObjects Business Intelligence platform 4.1 (formerly SBOP Enterprise),Technology Platform,NT/INTEL,,
a7f33d68-b451-445c-b98a-2010996ea127,000000000312194671,0000190852,BOP,BOP SBO BOE 4.1 Production system,0020743978,Productive,Data & AI,Data & Analytics Private,SBOP BI PLATFORM (ENTERPRISE),01200314690800000337,SAP BusinessObjects Business Intelligence platform 4.1 (formerly SBOP Enterprise),Technology Platform,NT/INTEL,,
562777db-cf89-4851-9aad-a52c24a8a767,000000000312194672,0000190852,BOP,BOP SBO BOE 4.1 Production system,0020743978,Productive,Data & AI,Data & Analytics Private,SBOP BI PLATFORM (ENTERPRISE),01200314690800000337,SAP BusinessObjects Business Intelligence platform 4.1 (formerly SBOP Enterprise),Technology Platform,NT/INTEL,,
b3b5ce12-005c-49be-b8ee-17229b5f0257,000000000312194673,0000190852,BOP,BOP SBO BOE 4.1 Production system,0020743978,Productive,Data & AI,Data & Analytics Private,SBOP BI PLATFORM (ENTERPRISE),01200314690800000337,SAP BusinessObjects Business Intelligence platform 4.1 (formerly SBOP Enterprise),Technology Platform,NT/INTEL,,
19ce850c-7b53-471d-9917-40131ba5d165,000000000312194674,0000190852,BOP,BOP SBO BOE 4.1 Production system,0020743978,Productive,Data & AI,Data & Analytics Private,SBOP BI PLATFORM (ENTERPRISE),01200314690800000337,SAP BusinessObjects Business Intelligence platform 4.1 (formerly SBOP Enterprise),Technology Platform,NT/INTEL,,
e42c548a-fbc2-4aa3-96ab-ea68c8fbcd25,000000000312194675,0000190852,BOP,BOP SBO BOE 4.1 Production system,0020743978,Productive,Data & AI,Data & Analytics Private,SBOP BI PLATFORM (ENTERPRISE),01200314690800000337,SAP BusinessObjects Business Intelligence platform 4.1 (formerly SBOP Enterprise),Technology Platform,NT/INTEL,,
dcaa618c-4d9e-47e8-b899-ad67eb3d4237,000000000312194677,0000190852,BOP,BOP SBO BOE 4.2 Production sys,0020743978,Productive,Data & AI,Data & Analytics Private,SBOP BI PLATFORM (ENTERPRISE),01200314690800000337,SAP BusinessObjects Business Intelligence platform 4.2,Technology Platform,NT/INTEL,,
8229385c-9f5d-4c4c-86bd-d872c65ed0ff,000000000312263963,0000190852,HRP,asapdbhrp00,0020807372,Productive,Data & AI,Data & Analytics Private,SAP HANA PLATFORM EDITION,01200314690800001945,"SAP HANA 1.0, platform edition",Technology Platform,,,
804909f4-30a0-4950-893b-47f73cf5ee69,000000000312319451,0000190852,NGP,Gateway Production System,0020743977,Productive,Data & AI,Data & Analytics Private,AS ABAP FOR S/4HANA FRONTEND,73555000100800000267,NetWeaver Application Server ABAP for S/4HANA on Premise 1709 Frontend Server,Technology Platform,LINUX,6.1,HDB
bc404483-78c2-4859-b533-3c133f053e7e,000000000312598417,0000190852,ICP,ICP identity Management Production,0020778103,Productive,Data & AI,Data & Analytics Private,SAP NETWEAVER,01200314690800000134,SAP NetWeaver 7.4,Technology Platform,NT/INTEL,WIN2012,Microsoft
b311c6f5-40c4-4aa8-ac9f-91984ec04c25,000000000312600308,0000190852,DCP,DCP Identity Management Production,0020778103,Productive,Data & AI,Data & Analytics Private,SAP NETWEAVER,01200314690800000134,SAP NetWeaver 7.4,Technology Platform,NT/INTEL,,MSSQLSRV
fb6ff6ea-cf5e-4bb9-9ba5-b2375bdad844,000000000800314194,0000190852,IP2,vsapip201,0020778103,Productive,Data & AI,Data & Analytics Private,SAP NETWEAVER,01200314690800000134,SAP NetWeaver 7.5,Technology Platform,NT/INTEL,,MSSQLSRV
bb47c82b-7896-4c5d-a86d-555898e6976f,000000000800316405,0000190852,SMP,SAP Solution Manager Production 7.2,0020743976,Productive,Data & AI,Data & Analytics Private,SAP SOLUTION MANAGER,01200615320800000636,SAP Solution Manager 7.2,Technology Platform,WINDOWS_X86_,6.3,Microsoft
1ab6b57d-22a2-4e73-ac2d-82d74b856978,000000000800324121,0000190852,SJP,Solution Manager Production JAVA,0020743976,Productive,Data & AI,Data & Analytics Private,SAP NETWEAVER,01200314690800000134,SAP NetWeaver 7.5,Technology Platform,WINDOWS_X86_,6.3,Microsoft
dcc36efc-ff89-479c-9ec2-ea1d71bbbdcd,000000000800324121,0000190852,SJP,Solution Manager Production JAVA,0020743976,Productive,Data & AI,Data & Analytics Private,SAP SOLUTION MANAGER,01200615320800000636,SAP Solution Manager 7.2,Technology Platform,WINDOWS_X86_,6.3,Microsoft
f6ebf127-aa3b-48a2-9dc2-f8c011244973,000000000800690947,0000190852,SOP,Solution Manager Production System,0020743976,Productive,Data & AI,Data & Analytics Private,SAP SOLUTION MANAGER,01200615320800000636,SAP Solution Manager 7.2,Technology Platform,LINUX,RHEL8.4,SYBASE
95f5a4ec-9a84-4e02-b518-06c89f05d5d2,000000000800692157,0000190852,JSP,Solution Manager JAVA Production System,0020743976,Productive,Data & AI,Data & Analytics Private,SAP SOLUTION MANAGER,01200615320800000636,SAP Solution Manager 7.2,Technology Platform,LINUX,,SYBASE
9a937a28-76c6-44c4-9730-592fe716f91c,000000000800698448,0000190852,BOP,BI 4.3 AWS PRODUCTION SYSTEM,0020904060,Productive,Data & AI,Data & Analytics Private,SBOP BI PLATFORM (ENTERPRISE),01200314690800000337,SAP BusinessObjects Business Intelligence platform 4.3,Technology Platform,LINUX,,
bec8fda9-f008-412b-8241-92d2cbf1fd24,000000000800702961,0000190852,LMP,SAP Landscape Management,0020743977,Productive,Data & AI,Data & Analytics Private,SAP NETWEAVER,01200314690800000134,SAP NetWeaver 7.5,Technology Platform,LINUX_X86_64,4.18.0-193,Sybase
37028595-5b0e-4741-a281-369ecc3fbb26,000000000800790437,0000190852,PIP,Process Orchestration Production System,0020776592,Productive,Data & AI,Data & Analytics Private,SAP NETWEAVER,01200314690800000134,SAP NetWeaver 7.5,Technology Platform,LINUX,,HDB
79441a60-9137-4c48-bb81-31fbb72070db,000000000800793031,0000190852,NWP,AWS PO Production System,0020743977,Productive,Data & AI,Data & Analytics Private,SAP HANA PLATFORM EDITION,01200314690800001945,SAP HANA platform edition 2.0,Technology Platform,LINUX,,
2070f69d-c97a-44bd-b184-43ae97ac96eb,000000000850018445,0000190852,TPP,Transportation Management Production,0020743977,Productive,Data & AI,Data & Analytics Private,SAP NETWEAVER,01200314690800000134,SAP NetWeaver 7.4,Technology Platform,LINUX,10.0,MSSQLSRV
a69d4779-094a-4bcd-ad24-ecf8cc613c06,000000000850058106,0000190852,BP2,N+1 BOE 4.1 Production Environment,0020743978,Productive,Data & AI,Data & Analytics Private,SBOP BI PLATFORM (ENTERPRISE),01200314690800000337,SAP BusinessObjects Business Intelligence platform 4.1 (formerly SBOP Enterprise),Technology Platform,NT/INTEL,,
8c4d1303-c786-4f38-a7e0-da61f3171614,000000000850477951,0000190852,CPP,Redwood Cronacle Production System,0020743977,Productive,Data & AI,Data & Analytics Private,SAP NETWEAVER,01200314690800000134,SAP NetWeaver 7.5,Technology Platform,Windows Serv,10.0,Microsoft
dad48eef-449c-4057-9ea1-e59d0560b0e4,000000000850610161,0000190852,CKP,HANA Cockpit,0020743951,Productive,Data & AI,Data & Analytics Private,SAP HANA PLATFORM EDITION,01200314690800001945,SAP HANA platform edition 2.0,Technology Platform,LINUX,,
5074511f-55dc-4bad-b375-45b09b4d7523,000000000850623278,0000190852,ABP,ADS Production System,0020743977,Productive,Data & AI,Data & Analytics Private,SAP NETWEAVER,01200314690800000134,SAP NetWeaver 7.5,Technology Platform,LINUX_X86_64,4.18.0-193,SYBASE
d6ce67fa-465a-4a0c-93b9-334e60c6abbe,000000000850673755,0000190852,SDP,asapcssdp01.loves.com,0020743977,Productive,Data & AI,Data & Analytics Private,SAP NETWEAVER,01200314690800000134,SAP NetWeaver 7.5,Technology Platform,LINUX,4.18.0-193,SYBASE
9eeccb48-ab59-4d53-8cd6-64bc9f0c6f9e,000000000850684423,0000190852,CRE,Crystal Reports for Enterprise,0020904060,Productive,Data & AI,Data & Analytics Private,CRYSTAL REPORTS,01200314690800000341,SAP Crystal Reports 2020,Technology Platform,NT/INTEL,,
8df5355a-57db-4ff6-8daa-ae53a5d8eb71,000000000850762090,0000190852,DFP,DEF Production Database,0021084671,Productive,Data & AI,Data & Analytics Private,SAP HANA PLATFORM EDITION,01200314690800001945,SAP HANA platform edition 2.0,Technology Platform,LINUX,,
4fe0d390-d990-438d-9711-f4d943fc0e41,000000000850862818,0000190852,LMP,LAMA,0020743977,Productive,Data & AI,Data & Analytics Private,SAP NETWEAVER,01200314690800000134,SAP NetWeaver 7.5,Technology Platform,LINUX_X86_64,,HDB
aef860e3-e984-40c6-b9a4-8de21af676ce,000000000850862821,0000190852,LMP,LAMA Database,0020743977,Productive,Data & AI,Data & Analytics Private,SAP HANA PLATFORM EDITION,01200314690800001945,SAP HANA platform edition 2.0,Technology Platform,LINUX_X86_64,,
806941fb-76ad-41a6-bb98-4ab98ce9ac9a,000000000850879840,0000190852,LTP,SLT Production System,0020743977,Productive,Data & AI,Data & Analytics Private,NW AS ABAP INNOVATION PACKAGE,73555000100800000331,NetWeaver Application Server for ABAP 7.52,Technology Platform,LINUX_X86_64,,HDB
b0a2b55f-a86f-4b94-8853-254ebcacd513,000000000850879841,0000190852,LTP,LTP HANA Database,0020743977,Productive,Data & AI,Data & Analytics Private,SAP HANA PLATFORM EDITION,01200314690800001945,SAP HANA platform edition 2.0,Technology Platform,LINUX_X86_64,,
92abafb7-960b-4d3c-a3c2-a64a7e06ea5b,000000000850894271,0000190852,TPP,TPP Productiion HANA,0020743977,Productive,Data & AI,Data & Analytics Private,SAP HANA PLATFORM EDITION,01200314690800001945,SAP HANA platform edition 2.0,Technology Platform,LINUX,,
9f7c12b3-9526-4285-aa07-b841be85e3d3,000000000850895772,0000190852,TPP,TM Production,0020743977,Productive,Data & AI,Data & Analytics Private,SAP NETWEAVER,01200314690800000134,SAP NetWeaver 7.5,Technology Platform,LINUX_X86_64,RHEL8.4,HDB
93d761b9-65cb-48d8-97ee-16815fc148cd,000000000950018565,0000190852,MOP,ASE Production System,0020743979,Productive,Data & AI,Data & Analytics Private,SAP ADAPTIVE SERVER ENTERPRISE,67837800100800005166,Sybase Adaptive Server Enterprise 15.7,Technology Platform,NT/INTEL,,
